time_s,depth_m,diameter_m,velocity_m_s,co2_mole_frac,rho_bubble,rho_seawater,mass_co2_lost_kg,percent_co2_lost
0.0,1000.0,0.01,0.14018769020643643,1.0,949.9281468108248,1032.4394137526604,1.492143643729527e-07,0.030000000000000002
2.0,999.7196246195871,0.009999118277106069,0.1507661082263285,1.0,949.8944093072425,1032.4380042453095,2.9839711822153845e-07,0.05999364460831239
4.0,999.4180924031344,0.009998245519557903,0.15156502945681444,1.0,949.8581148294504,1032.4364883098003,4.4754813171263365e-07,0.08998090772159432
6.0,999.1149623442208,0.009997373471526452,0.15164930133908697,1.0,949.8216163402069,1032.434964269938,5.966673982460232e-07,0.1199617880128526
8.0,998.8116637415426,0.00999650152959899,0.1516814962029989,1.0,949.7850858237658,1032.4334393110887,7.457549202277835e-07,0.14993628596583614
10.0,998.5083007491365,0.009995629649839008,0.15170989494769208,1.0,949.7485358025496,1032.4319139567858,8.948107007200951e-07,0.1799044021962056
12.0,998.2048809592411,0.0099947578290895,0.15173802461585442,1.0,949.711967175444,1032.4303882450993,1.0438347428326845e-06,0.20986613732918094
14.0,997.9014049100094,0.0099938860671734,0.15176614280680747,1.0,949.6753799919084,1032.4288621786334,1.192827049678361e-06,0.2398214919906019
16.0,997.5978726243958,0.0099930143641314,0.15179426833907722,1.0,949.6387742393254,1032.4273357574014,1.3417876243697674e-06,0.26977046680627476
18.0,997.2942840877176,0.009992142720020206,0.15182240259655708,1.0,949.6021499005143,1032.4258089812276,1.4907164700191427e-06,0.2997130624019246
20.0,996.9906392825245,0.00999127113489777,0.15185054569048506,1.0,949.5655069579384,1032.4242818499217,1.6396135897383038e-06,0.32964927940319155
22.0,996.6869381911436,0.009990399608822208,0.15187869763923806,1.0,949.528845394012,1032.4227543632928,1.788478986638643e-06,0.35957911843563056
24.0,996.3831807958651,0.009989528141851752,0.15190685845443544,1.0,949.4921651911186,1032.4212265211488,1.9373126638311286e-06,0.3895025801247112
26.0,996.0793670789562,0.009988656734044716,0.151935028147219,1.0,949.455466331616,1032.4196983232982,2.086114624426302e-06,0.4194196650958172
28.0,995.7754970226619,0.009987785385459516,0.15196320672871372,1.0,949.4187487978322,1032.4181697695485,2.2348848715342786e-06,0.44933037397424674
30.0,995.4715706092044,0.009986914096154643,0.15199139421005387,1.0,949.3820125720745,1032.416640859707,2.3836234082647466e-06,0.479234707385212
32.0,995.1675878207843,0.009986042866188708,0.15201959060239836,1.0,949.3452576366149,1032.4151115935813,2.532330237726966e-06,0.5091326659538392
34.0,994.8635486395796,0.009985171695620394,0.15204779591691783,1.0,949.3084839737043,1032.413581970978,2.681005363029767e-06,0.5390242503051681
36.0,994.5594530477457,0.009984300584508481,0.1520760101648012,1.0,949.2716915655657,1032.4120519917037,2.829648787281552e-06,0.5689094610641523
38.0,994.2553010274161,0.009983429532911856,0.15210423335725742,1.0,949.2348803943921,1032.4105216555652,2.9782605135902915e-06,0.5987882988556587
40.0,993.9510925607016,0.009982558540889478,0.1521324655055095,1.0,949.1980504423525,1032.4089909623679,3.1268405450635252e-06,0.6286607643044675
42.0,993.6468276296905,0.009981687608500421,0.15216070662080075,1.0,949.1612016915859,1032.4074599119178,3.2753888848083607e-06,0.6585268580352723
44.0,993.3425062164489,0.009980816735803847,0.1521889567143922,1.0,949.1243341242043,1032.4059285040207,3.4239055359314735e-06,0.6883865806726795
46.0,993.0381283030201,0.009979945922859003,0.1522172157975591,1.0,949.0874477222948,1032.4043967384814,3.572390501539104e-06,0.7182399328412082
48.0,992.733693871425,0.00997907516972524,0.15224548388159556,1.0,949.0505424679161,1032.402864615105,3.7208437847370597e-06,0.7480869151652904
50.0,992.4292029036618,0.009978204476462008,0.15227376097781778,1.0,949.0136183430948,1032.4013321336959,3.869265388630712e-06,0.7779275282692704
52.0,992.1246553817061,0.009977333843128844,0.1523020470975544,1.0,948.9766753298356,1032.3997992940585,4.017655316324998e-06,0.807761772777405
54.0,991.820051287511,0.009976463269785376,0.15233034225215153,1.0,948.9397134101154,1032.3982660959969,4.166013570924415e-06,0.8375896493138631
56.0,991.5153906030067,0.009975592756491345,0.15235864645297842,1.0,948.9027325658777,1032.3967325393146,4.3143401555330256e-06,0.8674111585027259
58.0,991.2106733101008,0.00997472230330657,0.1523869597114167,1.0,948.8657327790448,1032.3951986238155,4.462635073254452e-06,0.8972263009679858
60.0,990.905899390678,0.009973851910290966,0.15241528203886553,1.0,948.8287140315099,1032.3936643493023,4.610898327191879e-06,0.9270350773335477
62.0,990.6010688266002,0.009972981577504566,0.15244361344674798,1.0,948.7916763051335,1032.3921297155782,4.759129920448051e-06,0.9568374882232276
64.0,990.2961815997068,0.009972111305007476,0.15247195394649993,1.0,948.7546195817524,1032.3905947224453,4.9073298561252706e-06,0.9866335342607532
66.0,989.9912376918138,0.009971241092859911,0.15250030354957705,1.0,948.7175438431747,1032.3890593697063,5.0554981373254e-06,1.0164232160697628
68.0,989.6862370847147,0.009970370941122172,0.15252866226745052,1.0,948.6804490711816,1032.387523657163,5.203634767149858e-06,1.046206534273806
70.0,989.3811797601797,0.009969500849854672,0.15255703011161298,1.0,948.6433352475233,1032.385987584617,5.351739748699622e-06,1.0759834894963445
72.0,989.0760656999565,0.009968630819117912,0.1525854070935747,1.0,948.6062023539226,1032.3844511518698,5.499813085075223e-06,1.1057540823607486
74.0,988.7708948857694,0.009967760848972483,0.15261379322485996,1.0,948.5690503720778,1032.3829143587225,5.6478547793767485e-06,1.1355183134903006
76.0,988.4656672993196,0.009966890939479096,0.15264218851701786,1.0,948.5318792836518,1032.3813772049757,5.795864834703841e-06,1.165276183508193
78.0,988.1603829222856,0.009966021090698532,0.15267059298160812,1.0,948.4946890702876,1032.37983969043,5.943843254155696e-06,1.1950276930375288
80.0,987.8550417363224,0.009965151302691686,0.15269900663021352,1.0,948.4574797135941,1032.3783018148854,6.091790040831061e-06,1.2247728427013198
82.0,987.549643723062,0.009964281575519556,0.1527274294744357,1.0,948.4202511951518,1032.3767635781423,6.2397051978282354e-06,1.2545116331224893
84.0,987.2441888641131,0.00996341190924323,0.15275586152589227,1.0,948.3830034965143,1032.3752249799998,6.387588728245072e-06,1.2842440649238693
86.0,986.9386771410612,0.009962542303923889,0.1527843027962182,1.0,948.3457365992083,1032.3736860202573,6.5354406351789716e-06,1.3139701387282021
88.0,986.6331085354689,0.009961672759622831,0.15281275329707156,1.0,948.3084504847262,1032.3721466987138,6.683260921726885e-06,1.3436898551581387
90.0,986.3274830288747,0.009960803276401428,0.15284121304012152,1.0,948.2711451345402,1032.3706070151682,6.831049590985312e-06,1.37340321483624
92.0,986.0218006027944,0.009959933854321174,0.15286968203706144,1.0,948.2338205300865,1032.3690669694183,6.9788066460503e-06,1.4031102183849757
94.0,985.7160612387203,0.00995906449344365,0.15289816029960307,1.0,948.1964766527741,1032.367526561263,7.126532090017443e-06,1.4328108664267243
96.0,985.410264918121,0.009958195193830545,0.15292664783947318,1.0,948.1591134839853,1032.3659857904995,7.274225925981883e-06,1.4625051595837733
98.0,985.1044116224421,0.009957325955543635,0.15295514466841867,1.0,948.1217310050724,1032.3644446569253,7.421888157038304e-06,1.4921930984783185
100.0,984.7985013331053,0.009956456778644816,0.15298365079820783,1.0,948.084329197356,1032.3629031603377,7.5695187862809366e-06,1.5218746837324646
102.0,984.4925340315089,0.00995558766319606,0.15301216624062197,1.0,948.0469080421336,1032.3613613005339,7.717117816803555e-06,1.5515499159682236
104.0,984.1865096990276,0.009954718609259458,0.15304069100746595,1.0,948.0094675206675,1032.3598190773098,7.864685251699478e-06,1.581218795807517
106.0,983.8804283170127,0.0099538496168972,0.1530692251105614,1.0,947.9720076141937,1032.358276490462,8.01222109406156e-06,1.6108813238721729
108.0,983.5742898667916,0.009952980686171564,0.15309776856174684,1.0,947.9345283039204,1032.3567335397863,8.159725346982204e-06,1.6405375007839273
110.0,983.2680943296681,0.009952111817144942,0.15312632137288373,1.0,947.8970295710228,1032.3551902250788,8.30719801355335e-06,1.6701873271644254
112.0,982.9618416869223,0.009951243009879818,0.15315488355584725,1.0,947.8595113966511,1032.353646546134,8.454639096866478e-06,1.6998308036352174
114.0,982.6555319198106,0.009950374264438795,0.15318345512253806,1.0,947.82197376192,1032.3521025027478,8.602048600012605e-06,1.7294679308177623
116.0,982.3491650095656,0.009949505580884555,0.15321203608486908,1.0,947.7844166479211,1032.3505580947142,8.749426526082286e-06,1.7590987093334256
118.0,982.0427409373958,0.009948636959279897,0.15324062645477615,1.0,947.746840035713,1032.3490133218284,8.896772878165615e-06,1.78872313980348
120.0,981.7362596844863,0.00994776839968771,0.1532692262442102,1.0,947.7092439063275,1032.3474681838836,9.044087659352221e-06,1.8183412228491045
122.0,981.4297212319979,0.009946899902171001,0.1532978354651465,1.0,947.6716282407618,1032.345922680674,9.191370872731269e-06,1.847952959091385
124.0,981.1231255610676,0.009946031466792874,0.1533264541295768,1.0,947.6339930199867,1032.3443768119932,9.338622521391455e-06,1.8775583491513137
126.0,980.8164726528084,0.009945163093616531,0.15335508224951067,1.0,947.5963382249435,1032.342830577634,9.485842608421011e-06,1.9071573936497888
128.0,980.5097624883094,0.009944294782705275,0.15338371983697732,1.0,947.5586638365438,1032.3412839773898,9.633031136907701e-06,1.936750093207614
130.0,980.2029950486354,0.009943426534122522,0.15341236690402593,1.0,947.5209698356679,1032.3397370110526,9.780188109938822e-06,1.9663364484455006
132.0,979.8961703148274,0.009942558347931785,0.15344102346272487,1.0,947.4832562031662,1032.338189678415,9.9273135306012e-06,1.9959164599840644
134.0,979.5892882679019,0.009941690224196682,0.15346968952516124,1.0,947.44552291986,1032.3366419792683,1.0074407401981193e-05,2.025490128443826
136.0,979.2823488888516,0.00994082216298094,0.15349836510344214,1.0,947.4077699665396,1032.3350939134048,1.0221469727164687e-05,2.0550574544452127
138.0,978.9753521586448,0.00993995416434838,0.15352705020969343,1.0,947.3699973239657,1032.3335454806156,1.0368500509237095e-05,2.0846184386085564
140.0,978.6682980582254,0.009939086228362936,0.1535557448560591,1.0,947.3322049728694,1032.3319966806912,1.0515499751283359e-05,2.114173081554094
142.0,978.3611865685133,0.009938218355088645,0.15358444905470567,1.0,947.2943928939492,1032.3304475134228,1.0662467456387947e-05,2.1437213839019664
144.0,978.0540176704038,0.00993735054458964,0.1536131628178148,1.0,947.2565610678773,1032.3288979786005,1.0809403627634853e-05,2.1732633462722206
146.0,977.7467913447682,0.009936482796930178,0.1536418861575922,1.0,947.2187094752907,1032.3273480760142,1.0956308268107596e-05,2.202798969284807
148.0,977.4395075724531,0.009935615112174601,0.15367061908625895,1.0,947.1808380968,1032.3257978054537,1.1103181380889217e-05,2.232328253559581
150.0,977.1321663342806,0.009934747490387372,0.15369936161605946,1.0,947.142946912982,1032.3242471667083,1.1250022969062283e-05,2.2618511997163018
152.0,976.8247676110484,0.00993387993163305,0.15372811375925435,1.0,947.1050359043855,1032.3226961595672,1.139683303570888e-05,2.2913678083746323
154.0,976.5173113835299,0.009933012435976307,0.15375687552812717,1.0,947.0671050515263,1032.321144783819,1.1543611583910618e-05,2.320878080154139
156.0,976.2097976324736,0.009932145003481909,0.1537856469349769,1.0,947.029154334893,1032.3195930392521,1.1690358616748624e-05,2.3503820156742914
158.0,975.9022263386037,0.009931277634214749,0.15381442799212736,1.0,946.9911837349379,1032.3180409256545,1.1837074137303547e-05,2.379879615554464
160.0,975.5945974826194,0.009930410328239807,0.1538432187119178,1.0,946.9531932320881,1032.3164884428143,1.1983758148655555e-05,2.409370880413934
162.0,975.2869110451956,0.009929543085622175,0.1538720191067077,1.0,946.9151828067378,1032.3149355905184,1.2130410653884332e-05,2.438855810871882
164.0,974.9791670069822,0.009928675906427068,0.15390082918888146,1.0,946.8771524392464,1032.3133823685544,1.2277031656069077e-05,2.4683344075473883
166.0,974.6713653486044,0.009927808790719783,0.15392964897083594,1.0,946.839102109949,1032.3118287767088,1.242362115828851e-05,2.4978066710594398
168.0,974.3635060506626,0.009926941738565736,0.15395847846499155,1.0,946.8010317991457,1032.310274814768,1.2570179163620861e-05,2.5272726020269247
170.0,974.0555890937327,0.009926074750030461,0.15398731768379076,1.0,946.7629414871042,1032.3087204825185,1.2716705675143877e-05,2.5567322010686326
172.0,973.7476144583651,0.00992520782517959,0.15401616663969378,1.0,946.7248311540624,1032.307165779746,1.2863200695934818e-05,2.586185468803256
174.0,973.4395821250857,0.009924340964078857,0.15404502534517842,1.0,946.6867007802294,1032.3056107062355,1.3009664229070455e-05,2.6156324058493894
176.0,973.1314920743954,0.009923474166794115,0.1540738938127474,1.0,946.6485503457787,1032.3040552617726,1.3156096277627071e-05,2.645073012825528
178.0,972.82334428677,0.009922607433391323,0.15410277205491962,1.0,946.6103798308557,1032.3024994461423,1.3302496844680458e-05,2.67450729035007
180.0,972.5151387426602,0.009921740763936551,0.15413166008423784,1.0,946.5721892155707,1032.3009432591286,1.344886593330592e-05,2.7039352390413143
182.0,972.2068754224916,0.00992087415849597,0.15416055791325992,1.0,946.5339784800076,1032.299386700516,1.3595203546578267e-05,2.7333568595174604
184.0,971.8985543066651,0.009920007617135872,0.15418946555456947,1.0,946.4957476042132,1032.2978297700881,1.3741509687571819e-05,2.76277215239661
186.0,971.590175375556,0.009919141139922646,0.15421838302076676,1.0,946.4574965682062,1032.2962724676288,1.3887784359360401e-05,2.792181118296765
188.0,971.2817386095145,0.009918274726922808,0.15424731032447445,1.0,946.4192253519711,1032.2947147929208,1.4034027565017346e-05,2.8215837578358283
190.0,970.9732439888655,0.009917408378202966,0.1542762474783339,1.0,946.380933935463,1032.2931567457472,1.4180239307615489e-05,2.8509800716316023
192.0,970.6646914939089,0.009916542093829847,0.15430519449500749,1.0,946.3426222986037,1032.2915983258904,1.432641959022717e-05,2.8803700603017903
194.0,970.3560811049189,0.009915675873870293,0.15433415138717915,1.0,946.3042904212822,1032.2900395331326,1.4472568415924233e-05,2.9097537244639966
196.0,970.0474128021445,0.009914809718391248,0.15436311816755116,1.0,946.265938283358,1032.2884803672557,1.4618685787778024e-05,2.9391310647357236
198.0,969.7386865658094,0.009913943627459777,0.15439209484884936,1.0,946.2275658646547,1032.2869208280413,1.4764771708859389e-05,2.9685020817343752
200.0,969.4299023761117,0.00991307760114304,0.15442108144381603,1.0,946.1891731449687,1032.2853609152703,1.4910826182238675e-05,2.9978667760772533
202.0,969.121060213224,0.00991221163950833,0.15445007796521948,1.0,946.1507601040579,1032.2838006287238,1.505684921098573e-05,3.02722514838156
204.0,968.8121600572936,0.009911345742623041,0.15447908442584443,1.0,946.1123267216528,1032.282239968182,1.5202840798169896e-05,3.0565771992643964
206.0,968.5032018884418,0.009910479910554668,0.15450810083849434,1.0,946.0738729774532,1032.2806789334252,1.5348800946860016e-05,3.0859229293427624
208.0,968.1941856867649,0.009909614143370847,0.1545371272160024,1.0,946.0353988511175,1032.2791175242335,1.549472966012443e-05,3.1152623392335568
210.0,967.8851114323329,0.009908748441139294,0.15456616357121247,1.0,945.9969043222817,1032.2775557403859,1.564062694103097e-05,3.144595429553577
212.0,967.5759791051905,0.009907882803927858,0.1545952099169946,1.0,945.9583893705437,1032.2759935816616,1.5786492792646968e-05,3.1739222009195185
214.0,967.2667886853566,0.0099070172318045,0.15462426626623985,1.0,945.9198539754693,1032.27443104784,1.5932327218039244e-05,3.203242653947976
216.0,966.9575401528241,0.00990615172483729,0.15465333263185907,1.0,945.8812981165917,1032.2728681386986,1.6078130220274113e-05,3.2325567892554403
218.0,966.6482334875603,0.009905286283094412,0.15468240902678457,1.0,945.8427217734114,1032.2713048540163,1.6223901802417382e-05,3.261864607458303
220.0,966.3388686695067,0.009904420906644158,0.15471149546396673,1.0,945.804124925399,1032.2697411935703,1.636964196753435e-05,3.2911661091728486
222.0,966.0294456785788,0.00990355559555495,0.1547405919563826,1.0,945.7655075519864,1032.2681771571386,1.6515350718689805e-05,3.3204612950152654
224.0,965.719964494666,0.009902690349895302,0.154769698517024,1.0,945.7268696325789,1032.266612744498,1.6661028058948023e-05,3.349750165601633
226.0,965.4104250976319,0.009901825169733876,0.1547988151589123,1.0,945.68821114654,1032.265047955425,1.6806673991372768e-05,3.3790327215479317
228.0,965.100827467314,0.009900960055139409,0.15482794189508045,1.0,945.6495320732107,1032.2634827896966,1.695228851902729e-05,3.408308963470036
230.0,964.7911715835239,0.00990009500618078,0.154857078738589,1.0,945.6108323918907,1032.2619172470881,1.7097871644974327e-05,3.4375788919837205
232.0,964.4814574260467,0.009899230022926973,0.1548862257025178,1.0,945.5721120818499,1032.260351327376,1.72434233722761e-05,3.4668425077046523
234.0,964.1716849746417,0.009898365105447093,0.15491538279996842,1.0,945.5333711223238,1032.258785030335,1.738894370399432e-05,3.496099811248398
236.0,963.8618542090418,0.009897500253810356,0.15494455004406316,1.0,945.494609492515,1032.2572183557404,1.7534432643190173e-05,3.525350803230419
238.0,963.5519651089537,0.009896635468086095,0.15497372744794588,1.0,945.4558271715929,1032.2556513033667,1.767989019292433e-05,3.5545954842660716
240.0,963.2420176540578,0.009895770748343765,0.15500291502478367,1.0,945.4170241386912,1032.2540838729885,1.7825316356256946e-05,3.5838338549706106
242.0,962.9320118240082,0.00989490609465293,0.15503211278776255,1.0,945.3782003729126,1032.2525160643795,1.7970711136247652e-05,3.613065915959183
244.0,962.6219475984327,0.009894041507083276,0.1550613207500918,1.0,945.3393558533245,1032.2509478773134,1.811607453595556e-05,3.6422916678468322
246.0,962.3118249569326,0.009893176985704598,0.15509053892500047,1.0,945.3004905589621,1032.2493793115634,1.826140655843926e-05,3.671511111248498
248.0,962.0016438790826,0.009892312530586825,0.15511976732574315,1.0,945.2616044688231,1032.2478103669025,1.8406707206756823e-05,3.7007242467790133
250.0,961.6914043444311,0.009891448141799989,0.15514900596559267,1.0,945.2226975618743,1032.246241043103,1.855197648396579e-05,3.7299310750531083
252.0,961.3811063324999,0.009890583819414238,0.1551782548578428,1.0,945.1837698170501,1032.2446713399377,1.869721439312318e-05,3.759131596685404
254.0,961.0707498227843,0.009889719563499853,0.15520751401581248,1.0,945.1448212132466,1032.2431012571778,1.8842420937285486e-05,3.788325812290419
256.0,960.7603347947527,0.009888855374127219,0.15523678345284073,1.0,945.1058517293276,1032.241530794595,1.8987596119508675e-05,3.8175137224825635
258.0,960.449861227847,0.009887991251366848,0.15526606318228783,1.0,945.0668613441237,1032.2399599519606,1.9132739942848183e-05,3.8466953278761427
260.0,960.1393291014824,0.009887127195289367,0.15529535321753657,1.0,945.0278500364302,1032.238388729045,1.9277852410358924e-05,3.875870629085356
262.0,959.8287383950474,0.009886263205965529,0.15532465357199343,1.0,944.9888177850067,1032.2368171256192,1.9422933525095274e-05,3.905039626724296
264.0,959.5180890879034,0.009885399283466188,0.1553539642590825,1.0,944.9497645685825,1032.2352451414527,1.9567983290111085e-05,3.934202321406947
266.0,959.2073811593852,0.009884535427862346,0.15538328529225587,1.0,944.9106903658459,1032.2336727763152,1.9713001708459674e-05,3.9633587137471893
268.0,958.8966145888007,0.009883671639225104,0.15541261668498335,1.0,944.8715951554564,1032.2321000299764,1.9857988783193825e-05,3.9925088043587937
270.0,958.5857893554307,0.009882807917625696,0.1554419584507605,1.0,944.8324789160339,1032.2305269022054,2.000294451736579e-05,4.021652593855425
272.0,958.2749054385292,0.009881944263135453,0.15547131060309835,1.0,944.7933416261709,1032.2289533927703,2.0147868914027287e-05,4.050790082850639
274.0,957.963962817323,0.00988108067582585,0.15550067315553562,1.0,944.7541832644192,1032.2273795014396,2.0292761976229493e-05,4.079921271957887
276.0,957.652961471012,0.00988021715576849,0.15553004612163696,1.0,944.7150038092927,1032.2258052279815,2.043762370702305e-05,4.109046161790507
278.0,957.3419013787687,0.009879353703035072,0.1555594295149806,1.0,944.6758032392786,1032.224230572163,2.058245410945807e-05,4.138164752961735
280.0,957.0307825197388,0.009878490317697422,0.15558882334917148,1.0,944.6365815328248,1032.2226555337515,2.0727253186584115e-05,4.167277046084694
282.0,956.7196048730405,0.009877626999827515,0.1556182276378398,1.0,944.5973386683412,1032.2210801125138,2.0872020941450213e-05,4.1963830417724
284.0,956.4083684177648,0.009876763749497405,0.15564764239463158,1.0,944.5580746242097,1032.2195043082165,2.101675737710485e-05,4.22548274063776
286.0,956.0970731329755,0.009875900566779306,0.15567706763322134,1.0,944.5187893787701,1032.2179281206254,2.116146249659597e-05,4.254576143293574
288.0,955.7857189977091,0.009875037451745538,0.15570650336730488,1.0,944.4794829103287,1032.2163515495065,2.1306136302970974e-05,4.28366325035253
290.0,955.4743059909745,0.009874174404468541,0.1557359496105984,1.0,944.4401551971587,1032.214774594625,2.145077879927672e-05,4.312744062427208
292.0,955.1628340917533,0.009873311425020884,0.15576540637684222,1.0,944.4008062174959,1032.2131972557456,2.1595389988559515e-05,4.341818580130077
294.0,954.8513032789997,0.009872448513475266,0.15579487367980147,1.0,944.3614359495386,1032.2116195326334,2.1739969873865132e-05,4.370886804073501
296.0,954.5397135316401,0.00987158566990449,0.15582435153325813,1.0,944.3220443714556,1032.2100414250522,2.1884518458238786e-05,4.399948734869726
298.0,954.2280648285736,0.009870722894381512,0.1558538399510262,1.0,944.2826314613704,1032.2084629327662,2.2029035744725148e-05,4.429004373130896
300.0,953.9163571486715,0.009869860186979378,0.15588333894693213,1.0,944.2431971973817,1032.2068840555387,2.2173521736368338e-05,4.458053719469039
302.0,953.6045904707777,0.009868997547771284,0.15591284853483237,1.0,944.2037415575444,1032.2053047931329,2.231797643621193e-05,4.487096774496074
304.0,953.292764773708,0.00986813497683054,0.15594236872860406,1.0,944.1642645198802,1032.2037251453114,2.2462399847298937e-05,4.516133538823809
306.0,952.9808800362507,0.009867272474230596,0.1559718995421501,1.0,944.1247660623718,1032.2021451118367,2.2606791972671834e-05,4.545164013063943
308.0,952.6689362371665,0.009866410040045001,0.15600144098939067,1.0,944.0852461629719,1032.2005646924706,2.275115281537253e-05,4.57418819782806
310.0,952.3569333551877,0.009865547674347455,0.1560309930842751,1.0,944.0457047995908,1032.1989838869752,2.289548237844239e-05,4.6032060937276364
312.0,952.0448713690191,0.009864685377211774,0.1560605558407731,1.0,944.006141950105,1032.1974026951111,2.303978066492221e-05,4.632217701374032
314.0,951.7327502573376,0.009863823148711886,0.1560901292728749,1.0,943.966557592358,1032.1958211166398,2.318404767785224e-05,4.661223021378501
316.0,951.4205699987918,0.009862960988921877,0.15611971339460146,1.0,943.9269517041485,1032.1942391513214,2.3328283420272173e-05,4.690222054352182
318.0,951.1083305720026,0.009862098897915936,0.1561493082199899,1.0,943.8873242632465,1032.192656798916,2.3472487895221137e-05,4.719214800906099
320.0,950.7960319555626,0.009861236875768384,0.15617891376310408,1.0,943.8476752473817,1032.1910740591836,2.36166611057377e-05,4.748201261651168
322.0,950.4836741280365,0.00986037492255367,0.15620853003803012,1.0,943.8080046342487,1032.1894909318833,2.3760803054859877e-05,4.777181437198188
324.0,950.1712570679604,0.009859513038346377,0.15623815705887856,1.0,943.7683124015037,1032.187907416774,2.3904913745625114e-05,4.80615532815785
326.0,949.8587807538427,0.009858651223221205,0.15626779483978354,1.0,943.7285985267669,1032.1863235136148,2.4048993181070295e-05,4.835122935140726
328.0,949.5462451641631,0.009857789477253,0.1562974433949031,1.0,943.6888629876202,1032.1847392221634,2.4193041364231742e-05,4.86408425875728
330.0,949.2336502773733,0.009856927800516712,0.15632710273841668,1.0,943.6491057616113,1032.1831545421778,2.433705829814521e-05,4.8930392996178576
332.0,948.9209960718964,0.009856066193087437,0.15635677288452923,1.0,943.609326826249,1032.1815694734155,2.4481043985845885e-05,4.921988058332694
334.0,948.6082825261274,0.009855204655040393,0.1563864538474687,1.0,943.5695261590056,1032.1799840156334,2.4624998430368394e-05,4.950930535511909
336.0,948.2955096184324,0.009854343186450936,0.15641614564148773,1.0,943.5297037373149,1032.1783981685883,2.476892163474679e-05,4.979866731765509
338.0,947.9826773271494,0.009853481787394541,0.15644584828086242,1.0,943.4898595385743,1032.1768119320366,2.4912813602014554e-05,5.008796647703384
340.0,947.6697856305877,0.009852620457946817,0.15647556177989155,1.0,943.4499935401444,1032.1752253057339,2.50566743352046e-05,5.037720283935309
342.0,947.356834507028,0.00985175919818351,0.15650528615289985,1.0,943.4101057193467,1032.1736382894358,2.5200503837349272e-05,5.066637641070949
344.0,947.0438239347222,0.009850898008180495,0.15653502141423767,1.0,943.3701960534634,1032.1720508828976,2.5344302111480337e-05,5.095548719719849
346.0,946.7307538918938,0.009850036888013766,0.1565647675782745,1.0,943.3302645197439,1032.170463085874,2.5488069160628986e-05,5.124453520491437
348.0,946.4176243567372,0.009849175837759456,0.15659452465940507,1.0,943.2903110953987,1032.1688748981192,2.563180498782584e-05,5.1533520439950316
350.0,946.1044353074184,0.00984831485749383,0.1566242926720507,1.0,943.250335757598,1032.1672863193874,2.5775509596100946e-05,5.182244290839831
352.0,945.7911867220743,0.009847453947293293,0.15665407163065836,1.0,943.2103384834724,1032.1656973494319,2.5919182988483768e-05,5.211130261634919
354.0,945.4778785788129,0.009846593107234361,0.15668386154969235,1.0,943.170319250122,1032.164107988006,2.606282516800319e-05,5.24000995698926
356.0,945.1645108557135,0.009845732337393708,0.1567136624436492,1.0,943.1302780346,1032.1625182348623,2.6206436137687525e-05,5.268883377511709
358.0,944.8510835308263,0.009844871637848118,0.15674347432704397,1.0,943.0902148139282,1032.1609280897533,2.63500159005645e-05,5.297750523810996
360.0,944.5375965821721,0.009844011008674524,0.15677329721441952,1.0,943.0501295650864,1032.1593375524312,2.6493564459661255e-05,5.326611396495739
362.0,944.2240499877432,0.00984315044994998,0.15680313112034155,1.0,943.0100222650173,1032.1577466226472,2.6637081818004357e-05,5.355465996174439
364.0,943.9104437255025,0.009842289961751686,0.1568329760594017,1.0,942.9698928906244,1032.156155300153,2.6780567978619785e-05,5.384314323455476
366.0,943.5967777733838,0.00984142954415697,0.15686283204621507,1.0,942.929741418773,1032.1545635846987,2.6924022944532933e-05,5.413156378947114
368.0,943.2830521092914,0.00984056919724329,0.1568926990954213,1.0,942.8895678262907,1032.1529714760352,2.7067446718768605e-05,5.441992163257503
370.0,942.9692667111005,0.009839708921088241,0.1569225772216845,1.0,942.8493720899663,1032.1513789739126,2.7210839304351024e-05,5.470821676994669
372.0,942.6554215566572,0.009838848715769564,0.15695246643969651,1.0,942.8091541865468,1032.1497860780803,2.735420070430382e-05,5.4996449207665234
374.0,942.3415166237778,0.00983798858136512,0.1569823667641699,1.0,942.7689140927441,1032.1481927882871,2.7497530921650032e-05,5.528461895180857
376.0,942.0275518902495,0.009837128517952902,0.15701227820984212,1.0,942.728651785232,1032.1465991042826,2.7640829959412113e-05,5.557272600845343
378.0,941.7135273338298,0.009836268525611062,0.15704220079148057,1.0,942.6883672406391,1032.1450050258147,2.7784097820611922e-05,5.5860770383675336
380.0,941.3994429322469,0.009835408604417865,0.15707213452387167,1.0,942.6480604355615,1032.1434105526314,2.7927334508270725e-05,5.614875208354866
382.0,941.0852986631992,0.009834548754451729,0.15710207942183138,1.0,942.6077313465516,1032.1418156844804,2.807054002540919e-05,5.643667111414655
384.0,940.7710945043556,0.00983368897579119,0.15713203550019647,1.0,942.5673799501266,1032.1402204211088,2.8213714375047397e-05,5.672452748154094
386.0,940.4568304333552,0.009832829268514946,0.1571620027738346,1.0,942.5270062227581,1032.1386247622634,2.835685756020482e-05,5.70123211918026
388.0,940.1425064278076,0.009831969632701804,0.1571919812576308,1.0,942.4866101408873,1032.1370287076907,2.8499969583900346e-05,5.730005225100109
390.0,939.8281224652923,0.009831110068430739,0.1572219709665051,1.0,942.4461916809042,1032.1354322571365,2.8643050449152255e-05,5.758772066520472
392.0,939.5136785233592,0.009830250575780826,0.15725197191539075,1.0,942.405750819173,1032.1338354103461,2.878610015897823e-05,5.787532644048069
394.0,939.1991745795284,0.009829391154831323,0.15728198411925864,1.0,942.3652875320049,1032.1322381670655,2.8929118716395354e-05,5.816286958289489
396.0,938.8846106112899,0.009828531805661586,0.15731200759309602,1.0,942.3248017956807,1032.1306405270386,2.9072106124420103e-05,5.845035009851206
398.0,938.5699865961037,0.009827672528351141,0.15734204235192228,1.0,942.2842935864342,1032.12904249001,2.921506238606835e-05,5.87377679933957
400.0,938.2553025113999,0.00982681332297963,0.15737208841077602,1.0,942.243762880466,1032.1274440557238,2.935798750435537e-05,5.902512327360811
402.0,937.9405583345783,0.009825954189626852,0.15740214578472622,1.0,942.203209653931,1032.125845223923,2.9500881482295826e-05,5.931241594521035
404.0,937.6257540430089,0.009825095128372733,0.1574322144888651,1.0,942.1626338829474,1032.1242459943512,2.9643744322903775e-05,5.95996460142623
406.0,937.3108896140311,0.009824236139297346,0.15746229453831165,1.0,942.1220355435916,1032.122646366751,2.9786576029192663e-05,5.988681348682256
408.0,936.9959650249544,0.009823377222480908,0.1574923859482107,1.0,942.0814146118986,1032.1210463408643,2.9929376604175336e-05,6.017391836894856
410.0,936.680980253058,0.009822518378003759,0.15752248873372982,1.0,942.0407710638679,1032.1194459164335,3.007214605086402e-05,6.046096066669645
412.0,936.3659352755906,0.009821659605946404,0.15755260291006726,1.0,942.0001048754515,1032.1178450931995,3.0214884372270327e-05,6.07479403861212
414.0,936.0508300697704,0.009820800906389475,0.15758272849244417,1.0,941.9594160225653,1032.1162438709034,3.0357591571405266e-05,6.103485753327653
416.0,935.7356646127855,0.009819942279413758,0.15761286549611075,1.0,941.9187044810807,1032.114642249286,3.0500267651279225e-05,6.132171211421489
418.0,935.4204388817933,0.009819083725100153,0.15764301393633637,1.0,941.877970226836,1032.1130402280874,3.064291261490198e-05,6.160850413498754
420.0,935.1051528539207,0.009818225243529738,0.15767317382842458,1.0,941.8372132356188,1032.1114378070472,3.078552646528269e-05,6.189523360164449
422.0,934.7898065062639,0.009817366834783714,0.15770334518770038,1.0,941.7964334831822,1032.1098349859049,3.092810920542989e-05,6.218190052023449
424.0,934.4743998158884,0.009816508498943426,0.1577335280295164,1.0,941.7556309452358,1032.1082317643993,3.1070660838351494e-05,6.246850489680504
426.0,934.1589327598294,0.009815650236090366,0.15776372236925046,1.0,941.7148055974491,1032.1066281422688,3.121318136705481e-05,6.275504673740244
428.0,933.843405315091,0.009814792046306172,0.15779392822230867,1.0,941.6739574154484,1032.1050241192518,3.1355670794546524e-05,6.304152604807169
430.0,933.5278174586464,0.009813933929672612,0.15782414560411925,1.0,941.6330863748234,1032.1034196950854,3.149812912383268e-05,6.332794283485656
432.0,933.2121691674381,0.009813075886271625,0.15785437453014461,1.0,941.592192451114,1032.1018148695075,3.1640556357918715e-05,6.361429710379954
434.0,932.8964604183778,0.009812217916185273,0.15788461501586615,1.0,941.5512756198259,1032.1002096422542,3.1782952499809435e-05,6.3900588860941925
436.0,932.5806911883461,0.009811360019495768,0.157914867076796,1.0,941.5103358564198,1032.0986040130622,3.192531755250902e-05,6.418681811232369
438.0,932.2648614541926,0.009810502196285466,0.15794513072846944,1.0,941.4693731363172,1032.0969979816673,3.206765151902102e-05,6.447298486398356
440.0,931.9489711927356,0.009809644446636874,0.15797540598645154,1.0,941.4283874348952,1032.095391547805,3.220995440234836e-05,6.475908912195901
442.0,931.6330203807627,0.00980878677063265,0.15800569286633454,1.0,941.3873787274881,1032.0937847112104,3.235222620549333e-05,6.504513089228624
444.0,931.31700899503,0.009807929168355578,0.15803599138373373,1.0,941.3463469893926,1032.0921774716182,3.249446693145761e-05,6.53311101810002
446.0,931.0009370122626,0.009807071639888611,0.15806630155429524,1.0,941.3052921958582,1032.0905698287625,3.26366765832422e-05,6.561702699413452
448.0,930.684804409154,0.009806214185314842,0.1580966233936912,1.0,941.2642143220945,1032.0889617823773,3.277885516384752e-05,6.5902881337721615
450.0,930.3686111623666,0.0098053568047175,0.1581269569176167,1.0,941.2231133432713,1032.0873533321953,3.292100267627332e-05,6.618867321779256
452.0,930.0523572485314,0.00980449949817998,0.15815730214179988,1.0,941.1819892345109,1032.0857444779501,3.3063119123518726e-05,6.647440264037724
454.0,929.7360426442478,0.009803642265785811,0.15818765908199264,1.0,941.1408419708961,1032.0841352193738,3.320520450858223e-05,6.676006961150415
456.0,929.4196673260839,0.009802785107618683,0.15821802775397456,1.0,941.0996715274669,1032.0825255561986,3.334725883446167e-05,6.70456741372006
458.0,929.103231270576,0.009801928023762417,0.15824840817355107,1.0,941.0584778792213,1032.0809154881558,3.3489282104154257e-05,6.733121622349252
460.0,928.7867344542288,0.00980107101430101,0.1582788003565599,1.0,941.01726100111,1032.0793050149769,3.363127432065656e-05,6.761669587640462
462.0,928.4701768535157,0.00980021407931857,0.1583092043188569,1.0,940.9760208680501,1032.0776941363922,3.37732354869645e-05,6.79021131019603
464.0,928.153558444878,0.009799357218899404,0.1583396200763368,1.0,940.9347574549037,1032.0760828521325,3.391516560607336e-05,6.818746790618166
466.0,927.8368792047253,0.009798500433127924,0.15837004764491183,1.0,940.8934707365,1032.074471161927,3.405706468097777e-05,6.847276029508949
468.0,927.5201391094355,0.009797643722088717,0.15840048704052764,1.0,940.8521606876193,1032.0728590655056,3.419893271467172e-05,6.875799027470329
470.0,927.2033381353544,0.009796787085866518,0.15843093827915564,1.0,940.8108272830004,1032.071246562597,3.434076971014855e-05,6.904315785104129
472.0,926.8864762587962,0.009795930524546205,0.15846140137679318,1.0,940.7694704973401,1032.0696336529297,3.448257567040095e-05,6.932826303012035
474.0,926.5695534560426,0.009795074038212817,0.1584918763494685,1.0,940.7280903052883,1032.0680203362317,3.462435059842096e-05,6.961330581795609
476.0,926.2525697033437,0.009794217626951545,0.1585223632132364,1.0,940.6866866814536,1032.0664066122308,3.4766094497199974e-05,6.989828622056277
478.0,925.9355249769172,0.009793361290847723,0.15855286198417876,1.0,940.6452596004008,1032.0647924806542,3.490780736972873e-05,7.018320424395337
480.0,925.6184192529489,0.009792505029986852,0.15858337267840647,1.0,940.6038090366495,1032.063177941228,3.50494892189973e-05,7.0468059894139525
482.0,925.3012525075922,0.009791648844454565,0.15861389531205644,1.0,940.5623349646784,1032.0615629936792,3.519114004799512e-05,7.075285317713159
484.0,924.9840247169681,0.009790792734336666,0.15864442990129504,1.0,940.52083735892,1032.0599476377333,3.533275985971096e-05,7.103758409893855
486.0,924.6667358571655,0.009789936699719113,0.1586749764623184,1.0,940.4793161937608,1032.0583318731158,3.547434865713292e-05,7.132225266556811
488.0,924.3493859042409,0.009789080740688006,0.15870553501134627,1.0,940.4377714435489,1032.0567156995514,3.561590644324847e-05,7.160685888302663
490.0,924.0319748342182,0.009788224857329617,0.15873610556463275,1.0,940.3962030825796,1032.0550991167643,3.575743322104439e-05,7.189140275731916
492.0,923.714502623089,0.009787369049730349,0.15876668813845365,1.0,940.3546110851137,1032.0534821244792,3.589892899350681e-05,7.2175884294449375
494.0,923.3969692468121,0.009786513317976779,0.15879728274911656,1.0,940.3129954253609,1032.051864722419,3.6040393763621204e-05,7.246030350041968
496.0,923.0793746813139,0.009785657662155644,0.15882788941296053,1.0,940.2713560774848,1032.0502469103071,3.6181827534372365e-05,7.274466038123108
498.0,922.7617189024879,0.00978480208235381,0.15885850814634486,1.0,940.2296930156127,1032.048628687866,3.632323030874443e-05,7.302895494288326
500.0,922.4440018861952,0.009783946578658326,0.15888913896566512,1.0,940.1880062138187,1032.0470100548182,3.6464602089720876e-05,7.331318719137463
502.0,922.1262236082639,0.009783091151156392,0.15891978188734293,1.0,940.1462956461346,1032.0453910108852,3.6605942880284496e-05,7.359735713270216
504.0,921.8083840444892,0.009782235799935354,0.15895043692782626,1.0,940.1045612865497,1032.043771555788,3.6747252683417415e-05,7.388146477286151
506.0,921.4904831706335,0.009781380525082728,0.1589811041035955,1.0,940.0628031090043,1032.0421516892475,3.6888531502101096e-05,7.416551011784697
508.0,921.1725209624263,0.009780525326686183,0.1590117834311577,1.0,940.0210210873963,1032.0405314109844,3.702977933931633e-05,7.444949317365156
510.0,920.8544973955641,0.009779670204833541,0.1590424749270483,1.0,939.9792151955777,1032.0389107207181,3.717099619804322e-05,7.473341394626684
512.0,920.53641244571,0.009778815159612795,0.15907317860783446,1.0,939.9373854073525,1032.0372896181682,3.7312182081261206e-05,7.501727244168308
514.0,920.2182660884943,0.009777960191112085,0.15910389449010895,1.0,939.8955316964834,1032.0356681030537,3.745333699194905e-05,7.530106866588914
516.0,919.9000582995141,0.009777105299419707,0.15913462259049319,1.0,939.8536540366871,1032.034046175093,3.759446093308484e-05,7.558480262487261
518.0,919.5817890543331,0.009776250484624145,0.15916536292564415,1.0,939.8117524016278,1032.032423834004,3.7735553907645964e-05,7.586847432461956
520.0,919.2634583284818,0.009775395746814004,0.15919611551223983,1.0,939.7698267649334,1032.0308010795047,3.787661591860915e-05,7.615208377111483
522.0,918.9450660974572,0.009774541086078078,0.1592268803669928,1.0,939.7278771001787,1032.0291779113115,3.8017646968950444e-05,7.643563097034183
524.0,918.6266123367233,0.00977368650250531,0.15925765750664253,1.0,939.685903380896,1032.0275543291414,3.8158647061645194e-05,7.671911592828259
526.0,918.30809702171,0.009772831996184806,0.1592884469479588,1.0,939.6439055805706,1032.0259303327105,3.8299616199668074e-05,7.7002538650917804
528.0,917.989520127814,0.009771977567205832,0.15931924870774009,1.0,939.6018836726417,1032.0243059217344,3.844055438599307e-05,7.728589914422673
530.0,917.6708816303985,0.00977112321565782,0.15935006280281505,1.0,939.5598376305018,1032.0226810959282,3.858146162359348e-05,7.75691974141873
532.0,917.352181504793,0.00977026894163036,0.1593808892500425,1.0,939.517767427496,1032.0210558550068,3.8722337915441905e-05,7.785243346677601
534.0,917.0334197262929,0.00976941474521321,0.15941172806630904,1.0,939.475673036925,1032.0194301986842,3.8863183264510274e-05,7.8135607307968
536.0,916.7145962701603,0.009768560626496284,0.15944257926853234,1.0,939.4335544320413,1032.0178041266743,3.90039976737698e-05,7.841871894373701
538.0,916.3957111116232,0.009767706585569674,0.1594734428736619,1.0,939.3914115860488,1032.0161776386904,3.9144781146191036e-05,7.870176838005538
540.0,916.0767642258759,0.00976685262252361,0.1595043188986709,1.0,939.3492444721104,1032.0145507344453,3.9285533684743805e-05,7.898475562289407
542.0,915.7577555880786,0.009765998737448517,0.1595352073605696,1.0,939.3070530633344,1032.0129234136512,3.942625529239725e-05,7.926768067822265
544.0,915.4386851733574,0.009765144930434965,0.15956610827639497,1.0,939.2648373327862,1032.0112956760202,3.9566945972119824e-05,7.955054355200923
546.0,915.1195529568046,0.009764291201573691,0.1595970216632125,1.0,939.2225972534849,1032.0096675212633,3.970760572687927e-05,7.983334425022058
548.0,914.8003589134781,0.009763437550955593,0.15962794753811796,1.0,939.1803327984022,1032.0080389490918,3.984823455964263e-05,8.011608277882203
550.0,914.4811030184019,0.009762583978671762,0.15965888591824254,1.0,939.1380439404563,1032.0064099592155,3.998883247337626e-05,8.03987591437775
552.0,914.1617852465654,0.009761730484813423,0.15968983682074284,1.0,939.0957306525248,1032.0047805513452,4.0129399471045796e-05,8.068137335104952
554.0,913.8424055729239,0.009760877069471981,0.15972080026280594,1.0,939.0533929074348,1032.0031507251892,4.0269935555616176e-05,8.096392540659918
556.0,913.5229639723983,0.009760023732739006,0.15975177626164996,1.0,939.0110306779673,1032.0015204804574,4.041044073005163e-05,8.124641531638616
558.0,913.203460419875,0.00975917047470625,0.15978276483452683,1.0,938.9686439368502,1031.9998898168578,4.0550914997315684e-05,8.152884308636871
560.0,912.883894890206,0.0097583172954656,0.159813765998712,1.0,938.9262326567721,1031.9982587340987,4.0691358360371157e-05,8.181120872250366
562.0,912.5642673582086,0.009757464195109145,0.15984477977151776,1.0,938.8837968103654,1031.996627231887,4.0831770822180156e-05,8.209351223074643
564.0,912.2445777986655,0.00975661117372912,0.15987580617028424,1.0,938.8413363702189,1031.9949953099303,4.097215238570407e-05,8.2375753617051
566.0,911.9248261863249,0.00975575823141795,0.15990684521238527,1.0,938.7988513088684,1031.9933629679347,4.111250305390358e-05,8.265793288736985
568.0,911.6050124959002,0.009754905368268204,0.15993789691521934,1.0,938.7563415988092,1031.9917302056062,4.125282282973866e-05,8.294005004765415
570.0,911.2851367020697,0.009754052584372645,0.15996896129622262,1.0,938.7138072124793,1031.9900970226504,4.139311171616856e-05,8.322210510385354
572.0,910.9651987794773,0.00975319987982419,0.16000003837285856,1.0,938.6712481222734,1031.9884634187724,4.153336971615181e-05,8.350409806191623
574.0,910.6451987027316,0.009752347254715934,0.16003112816262252,1.0,938.6286643005353,1031.9868293936765,4.1673596832646224e-05,8.378602892778902
576.0,910.3251364464063,0.009751494709141145,0.16006223068304196,1.0,938.5860557195595,1031.985194947067,4.181379306860891e-05,8.406789770741725
578.0,910.0050119850403,0.009750642243193249,0.16009334595167132,1.0,938.5434223515956,1031.983560078647,4.1953958426996224e-05,8.434970440674476
580.0,909.6848252931369,0.009749789856965868,0.1601244739861038,1.0,938.5007641688362,1031.98192478812,4.209409291076383e-05,8.4631449031714
582.0,909.3645763451647,0.009748937550552774,0.16015561480395726,1.0,938.4580811434317,1031.9802890751882,4.223419652286665e-05,8.491313158826594
584.0,909.0442651155568,0.009748085324047917,0.1601867684228821,1.0,938.415373247482,1031.978652939554,4.237426926625888e-05,8.519475208234008
586.0,908.723891578711,0.009747233177545432,0.1602179348605637,1.0,938.3726404530331,1031.9770163809183,4.2514311143893995e-05,8.547631051987446
588.0,908.4034557089899,0.00974638111113962,0.1602491141347171,1.0,938.3298827320843,1031.9753793989823,4.265432215872474e-05,8.575780690680567
590.0,908.0829574807204,0.009745529124924946,0.16028030626308606,1.0,938.2871000565881,1031.973741993447,4.279430231370313e-05,8.603924124906884
592.0,907.7623968681943,0.009744677218996075,0.16031151126345264,1.0,938.2442923984393,1031.9721041640119,4.2934251611780435e-05,8.632061355259756
594.0,907.4417738456674,0.009743825393447812,0.160342729153622,1.0,938.2014597294926,1031.9704659103763,4.307417005590721e-05,8.660192382332403
596.0,907.1210883873601,0.009742973648375168,0.16037395995143858,1.0,938.1586020215449,1031.9688272322396,4.321405764903327e-05,8.688317206717892
598.0,906.8003404674573,0.00974212198387331,0.16040520367477457,1.0,938.1157192463468,1031.9671881293004,4.335391439410768e-05,8.716435829009145
600.0,906.4795300601078,0.009741270400037595,0.16043646034153602,1.0,938.0728113755968,1031.9655486012564,4.34937402940788e-05,8.744548249798934
602.0,906.1586571394247,0.009740418896963556,0.16046772996966255,1.0,938.029878380941,1031.9639086478048,4.3633535351894204e-05,8.772654469679884
604.0,905.8377216794854,0.009739567474746889,0.16049901257712215,1.0,937.9869202339798,1031.962268268643,4.377329957050076e-05,8.800754489244465
606.0,905.5167236543311,0.009738716133483476,0.16053030818191533,1.0,937.9439369062617,1031.960627463467,4.3913032952844586e-05,8.828848309085007
608.0,905.1956630379673,0.00973786487326938,0.16056161680207853,1.0,937.9009283692811,1031.9589862319733,4.405273550187105e-05,8.856935929793684
610.0,904.8745398043632,0.009737013694200838,0.16059293845567713,1.0,937.8578945944843,1031.9573445738565,4.419240722052478e-05,8.885017351962524
612.0,904.5533539274518,0.009736162596374272,0.16062427316081154,1.0,937.814835553265,1031.9557024888122,4.4332048111749646e-05,8.9130925761834
614.0,904.2321053811302,0.009735311579886274,0.16065562093561325,1.0,937.7717512169663,1031.9540599765344,4.447165817848879e-05,8.941161603048037
616.0,903.910794139259,0.00973446064483362,0.1606869817982454,1.0,937.7286415568813,1031.952417036717,4.4611237423684585e-05,8.96922443314801
618.0,903.5894201756626,0.009733609791313274,0.16071835576690635,1.0,937.6855065442488,1031.9507736690532,4.475078585027866e-05,8.997281067074745
620.0,903.2679834641287,0.009732759019422358,0.16074974285982327,1.0,937.6423461502608,1031.949129873236,4.4890303461211894e-05,9.025331505419512
622.0,902.9464839784091,0.0097319083292582,0.1607811430952607,1.0,937.5991603460518,1031.9474856489574,4.5029790259424406e-05,9.05337574877343
624.0,902.6249216922185,0.009731057720918295,0.16081255649151288,1.0,937.5559491027091,1031.9458409959093,4.5169246247855556e-05,9.08141379772747
626.0,902.3032965792355,0.009730207194500335,0.1608439830669113,1.0,937.5127123912624,1031.9441959137828,4.530867142944396e-05,9.109445652872443
628.0,901.9816086131017,0.009729356750102168,0.16087542283981343,1.0,937.4694501826983,1031.942550402269,4.544806580712745e-05,9.137471314799015
630.0,901.6598577674221,0.009728506387821849,0.1609068758286162,1.0,937.4261624479429,1031.9409044610577,4.558742938384313e-05,9.165490784097697
632.0,901.3380440157648,0.009727656107757597,0.16093834205174487,1.0,937.3828491578762,1031.9392580898384,4.5726762162527306e-05,9.193504061358846
634.0,901.0161673316613,0.009726805910007838,0.16096982152766318,1.0,937.3395102833198,1031.9376112883006,4.586606414611555e-05,9.221511147172661
636.0,900.694227688606,0.009725955794671164,0.1610013142748648,1.0,937.296145795047,1031.9359640561327,4.600533533754265e-05,9.249512042129195
638.0,900.3722250600563,0.009725105761846353,0.16103282031187757,1.0,937.2527556637771,1031.9343163930225,4.6144575739742635e-05,9.277506746818341
640.0,900.0501594194325,0.009724255811632374,0.16106433965726205,1.0,937.2093398601776,1031.9326682986577,4.628378535564876e-05,9.305495261829842
642.0,899.7280307401179,0.009723405944128382,0.16109587232961511,1.0,937.1658983548606,1031.9310197727257,4.6422964188193523e-05,9.333477587753283
644.0,899.4058389954587,0.009722556159433706,0.16112741834756272,1.0,937.1224311183893,1031.929370814912,4.656211224030863e-05,9.361453725178091
646.0,899.0835841587635,0.009721706457647885,0.16115897772977128,1.0,937.0789381212674,1031.9277214249034,4.670122951492503e-05,9.389423674693544
648.0,898.761266203304,0.009720856838870617,0.161190550494934,1.0,937.0354193339523,1031.9260716023848,4.684031601497288e-05,9.417387436888761
650.0,898.4388851023141,0.0097200073032018,0.1612221366617811,1.0,936.9918747268447,1031.924421347041,4.697937174338158e-05,9.445345012352702
652.0,898.1164408289906,0.009719157850741528,0.16125373624907857,1.0,936.9483042702899,1031.9227706585564,4.711839670307974e-05,9.473296401674176
654.0,897.7939333564924,0.009718308481590068,0.16128534927562346,1.0,936.9047079345834,1031.921119536615,4.725739089699519e-05,9.501241605441834
656.0,897.4713626579412,0.009717459195847888,0.16131697576024842,1.0,936.861085689964,1031.9194679808993,4.739635432805498e-05,9.529180624244162
658.0,897.1487287064207,0.00971660999361564,0.16134861572182163,1.0,936.8174375066164,1031.9178159910923,4.753528699918538e-05,9.557113458669503
660.0,896.8260314749771,0.009715760874994164,0.16138026917924309,1.0,936.7737633546737,1031.9161635668765,4.767418891331187e-05,9.585040109306028
662.0,896.5032709366186,0.009714911840084488,0.1614119361514468,1.0,936.7300632042145,1031.9145107079328,4.7813060073359154e-05,9.612960576741761
664.0,896.1804470643157,0.009714062888987835,0.16144361665740464,1.0,936.6863370252602,1031.9128574139427,4.795190048225113e-05,9.640874861564559
666.0,895.8575598310009,0.009713214021805626,0.1614753107161215,1.0,936.6425847877791,1031.9112036845863,4.809071014291092e-05,9.668782964362125
668.0,895.5346092095687,0.009712365238639456,0.1615070183466351,1.0,936.598806461687,1031.9095495195438,4.822948905826086e-05,9.696684885722
670.0,895.2115951728754,0.009711516539591125,0.16153873956801945,1.0,936.5550020168431,1031.9078949184943,4.836823723122247e-05,9.72458062623157
672.0,894.8885176937393,0.009710667924762627,0.1615704743993857,1.0,936.5111714230495,1031.906239881117,4.8506954664716494e-05,9.752470186478057
674.0,894.5653767449405,0.009709819394256134,0.16160222285987455,1.0,936.4673146500589,1031.9045844070897,4.864564136166288e-05,9.780353567048525
676.0,894.2421722992208,0.009708970948174031,0.16163398496866638,1.0,936.4234316675634,1031.90292849609,4.878429732498078e-05,9.80823076852988
678.0,893.9189043292835,0.00970812258661888,0.1616657607449736,1.0,936.3795224452042,1031.9012721477955,4.892292255758853e-05,9.83610179150886
680.0,893.5955728077935,0.00970727430969345,0.16169755020804705,1.0,936.3355869525626,1031.8996153618825,4.906151706240367e-05,9.863966636572048
682.0,893.2721777073774,0.00970642611750069,0.16172935337716832,1.0,936.2916251591698,1031.8979581380272,4.920008084234296e-05,9.891825304305863
684.0,892.9487190006231,0.009705578010143765,0.16176117027165882,1.0,936.2476370344958,1031.8963004759048,4.933861390032233e-05,9.919677795296566
686.0,892.6251966600798,0.00970472998772602,0.16179300091087276,1.0,936.2036225479584,1031.8946423751904,4.94771162392569e-05,9.94752411013025
688.0,892.3016106582581,0.009703882050350998,0.16182484531420052,1.0,936.1595816689181,1031.8929838355582,4.961558786206101e-05,9.975364249392848
690.0,891.9779609676298,0.009703034198122445,0.16185670350106737,1.0,936.1155143666805,1031.8913248566819,4.975402877164817e-05,10.003198213670135
692.0,891.6542475606276,0.009702186431144299,0.16188857549093608,1.0,936.0714206104929,1031.889665438235,4.989243897093107e-05,10.031026003547714
694.0,891.3304704096457,0.009701338749520698,0.16192046130330323,1.0,936.0273003695481,1031.8880055798898,5.003081846282162e-05,10.058847619611033
696.0,891.0066294870392,0.009700491153355976,0.16195236095770124,1.0,935.9831536129825,1031.8863452813182,5.0169167250230884e-05,10.086663062445371
698.0,890.6827247651238,0.009699643642754665,0.1619842744736992,1.0,935.9389803098754,1031.8846845421922,5.030748533606912e-05,10.114472332635845
700.0,890.3587562161764,0.009698796217821508,0.16201620187090435,1.0,935.8947804292471,1031.8830233621827,5.044577272324577e-05,10.142275430767404
702.0,890.0347238124345,0.009697948878661433,0.1620481431689558,1.0,935.8505539400646,1031.8813617409596,5.058402941466946e-05,10.170072357424838
704.0,889.7106275260967,0.00969710162537957,0.16208009838753107,1.0,935.8063008112366,1031.879699678193,5.0722255413247985e-05,10.197863113192769
706.0,889.3864673293216,0.009696254458081258,0.16211206754634347,1.0,935.7620210116141,1031.8780371735518,5.0860450721888324e-05,10.225647698655653
708.0,889.0622431942289,0.009695407376872028,0.16214405066514287,1.0,935.7177145099918,1031.8763742267051,5.0998615343496625e-05,10.25342611439778
710.0,888.7379550928987,0.009694560381857628,0.16217604776371794,1.0,935.6733812751031,1031.8747108373204,5.113674928097822e-05,10.281198361003273
712.0,888.4136029973713,0.009693713473143982,0.16220805886188722,1.0,935.629021275632,1031.8730470050657,5.1274852537237594e-05,10.308964439056094
714.0,888.0891868796475,0.009692866650837247,0.16224008397951442,1.0,935.5846344801947,1031.8713827296074,5.141292511517843e-05,10.336724349140031
716.0,887.7647067116885,0.00969201991504376,0.16227212313649286,1.0,935.5402208573581,1031.8697180106121,5.155096701770355e-05,10.364478091838707
718.0,887.4401624654155,0.009691173265870066,0.16230417635275554,1.0,935.4957803756271,1031.8680528477455,5.168897824771496e-05,10.392225667735582
720.0,887.11555411271,0.009690326703422934,0.1623362436482745,1.0,935.4513130034466,1031.8663872406726,5.1826958808113825e-05,10.419967077413942
722.0,886.7908816254135,0.009689480227809306,0.16236832504305437,1.0,935.4068187092076,1031.864721189058,5.196490870180048e-05,10.447702321456905
724.0,886.4661449753273,0.009688633839136361,0.1624004205571412,1.0,935.3622974612387,1031.8630546925658,5.21028279316744e-05,10.475431400447425
726.0,886.141344134213,0.009687787537511459,0.16243253021061363,1.0,935.3177492278135,1031.861387750859,5.224071650063425e-05,10.503154314968281
728.0,885.8164790737918,0.009686941323042172,0.1624646540235899,1.0,935.2731739771457,1031.859720363601,5.237857441157783e-05,10.53087106560209
730.0,885.4915497657446,0.009686095195836294,0.16249679201622735,1.0,935.228571677387,1031.8580525304533,5.251640166740211e-05,10.558581652931293
732.0,885.1665561817122,0.00968524915600181,0.16252894420871794,1.0,935.1839422966342,1031.856384251078,5.265419827100319e-05,10.586286077538164
734.0,884.8414982932948,0.009684403203646915,0.16256111062129158,1.0,935.1392858029238,1031.8547155251358,5.279196422527636e-05,10.613984340004805
736.0,884.5163760720521,0.009683557338880018,0.16259329127421682,1.0,935.094602164232,1031.8530463522875,5.2929699533116025e-05,10.641676440913148
738.0,884.1911894895037,0.00968271156180973,0.1626254861877976,1.0,935.0498913484777,1031.8513767321924,5.3067404197415764e-05,10.669362380844953
740.0,883.8659385171281,0.009681865872544888,0.16265769538238087,1.0,935.0051533235151,1031.84970666451,5.3205078221068284e-05,10.69704216038181
742.0,883.5406231263634,0.009681020271194517,0.1626899188783458,1.0,934.9603880571448,1031.8480361488992,5.334272160696545e-05,10.724715780105138
744.0,883.2152432886066,0.009680174757867865,0.16272215669611173,1.0,934.9155955171045,1031.8463651850175,5.348033435799827e-05,10.752383240596178
746.0,882.8897989752144,0.009679329332674388,0.1627544088561361,1.0,934.8707756710721,1031.8446937725225,5.361791647705688e-05,10.780044542436007
748.0,882.5642901575021,0.009678483995723759,0.16278667537891509,1.0,934.8259284866647,1031.843021911071,5.3755467967030574e-05,10.807699686205522
750.0,882.2387168067443,0.009677638747125851,0.1628189562849821,1.0,934.7810539314405,1031.8413496003195,5.3892988830807775e-05,10.83534867248545
752.0,881.9130788941743,0.00967679358699076,0.1628512515949079,1.0,934.7361519728975,1031.839676839923,5.403047907127604e-05,10.862991501856346
754.0,881.5873763909844,0.009675948515428797,0.16288356132930557,1.0,934.6912225784694,1031.838003629537,5.416793869132206e-05,10.89062817489858
756.0,881.2616092683259,0.009675103532550473,0.16291588550882077,1.0,934.6462657155353,1031.8363299688156,5.430536769383166e-05,10.918258692192367
758.0,880.9357774973082,0.009674258638466531,0.1629482241541438,1.0,934.601281351407,1031.8346558574128,5.444276608168981e-05,10.945883054317731
760.0,880.6098810489999,0.009673413833287913,0.16298057728599896,1.0,934.5562694533403,1031.8329812949817,5.458013385778058e-05,10.973501261854526
762.0,880.2839198944279,0.00967256911712579,0.16301294492515322,1.0,934.5112299885255,1031.8313062811749,5.4717471024987194e-05,11.001113315382431
764.0,879.9578940045776,0.009671724490091538,0.1630453270924088,1.0,934.4661629240951,1031.829630815644,5.4854777586191976e-05,11.02871921548095
766.0,879.6318033503928,0.009670879952296759,0.1630777238086104,1.0,934.4210682271172,1031.8279548980406,5.49920535442764e-05,11.056318962729407
768.0,879.3056479027756,0.009670035503853265,0.16311013509463926,1.0,934.3759458645998,1031.8262785280153,5.512929890212104e-05,11.08391255770695
770.0,878.9794276325863,0.009669191144873085,0.16314256097141527,1.0,934.3307958034904,1031.8246017052184,5.5266513662605596e-05,11.111500000992558
772.0,878.6531425106434,0.009668346875468473,0.16317500145990116,1.0,934.2856180106704,1031.822924429299,5.5403697828608894e-05,11.139081293165024
774.0,878.3267925077237,0.009667502695751893,0.16320745658109465,1.0,934.2404124529639,1031.8212466999064,5.5540851403008866e-05,11.166656434802961
776.0,878.0003775945614,0.009666658605836037,0.1632399263560362,1.0,934.1951790971287,1031.8195685166884,5.5677974388682555e-05,11.194225426484813
778.0,877.6738977418494,0.00966581460583381,0.16327241080580382,1.0,934.1499179098631,1031.8178898792928,5.581506678850613e-05,11.221788268788838
780.0,877.3473529202378,0.00966497069585835,0.16330490995151892,1.0,934.1046288577977,1031.8162107873663,5.595212860535485e-05,11.24934496229312
782.0,877.0207431003347,0.009664126876022998,0.1633374238143371,1.0,934.0593119075072,1031.8145312405554,5.60891598421031e-05,11.27689550757556
784.0,876.6940682527061,0.00966328314644132,0.1633699524154562,1.0,934.0139670255008,1031.8128512385063,5.622616050162437e-05,11.304439905213883
786.0,876.3673283478752,0.009662439507227115,0.1634024957761147,1.0,933.9685941782229,1031.8111707808632,5.636313058679124e-05,11.33197815578563
788.0,876.040523356323,0.009661595958494397,0.16343505391759117,1.0,933.9231933320553,1031.809489867271,5.650007010047541e-05,11.359510259868161
790.0,875.7136532484878,0.009660752500357405,0.16346762686120378,1.0,933.8777644533175,1031.8078084973736,5.663697904554767e-05,11.387036218038661
792.0,875.3867179947655,0.009659909132930607,0.1635002146283121,1.0,933.832307508263,1031.806126670814,5.6773857424877904e-05,11.414556030874131
794.0,875.0597175655089,0.009659065856328681,0.16353281724031307,1.0,933.7868224630857,1031.8044443872348,5.691070524133511e-05,11.442069698951386
796.0,874.7326519310283,0.009658222670666542,0.16356543471864624,1.0,933.7413092839129,1031.8027616462778,5.704752249778736e-05,11.469577222847064
798.0,874.405521061591,0.009657379576059335,0.16359806708479369,1.0,933.6957679368055,1031.8010784475844,5.718430919710183e-05,11.49707860313762
800.0,874.0783249274214,0.009656536572622412,0.16363071436027282,1.0,933.6501983877665,1031.7993947907953,5.732106534214479e-05,11.524573840399325
802.0,873.7510634987008,0.009655693660471377,0.1636633765666482,1.0,933.6046006027271,1031.7977106755502,5.7457790935781593e-05,11.552062935208268
804.0,873.4237367455675,0.009654850839722028,0.16369605372551757,1.0,933.5589745475627,1031.7960261014887,5.759448598087669e-05,11.579545888140352
806.0,873.0963446381164,0.009654008110490428,0.16372874585852717,1.0,933.5133201880751,1031.7943410682494,5.773115048029359e-05,11.6070226997713
808.0,872.7688871463994,0.00965316547289285,0.1637614529873616,1.0,933.4676374900049,1031.7926555754702,5.7867784436894917e-05,11.634493370676644
810.0,872.4413642404246,0.00965232292704579,0.16379417513374467,1.0,933.4219264190295,1031.7909696227887,5.8004387853542356e-05,11.661957901431743
812.0,872.1137758901572,0.00965148047306598,0.163826912319441,1.0,933.3761869407615,1031.7892832098414,5.814096073309668e-05,11.689416292611755
814.0,871.7861220655183,0.009650638111070385,0.1638596645662606,1.0,933.3304190207439,1031.7875963362646,5.827750307841773e-05,11.716868544791668
816.0,871.4584027363858,0.00964979584117621,0.16389243189605454,1.0,933.2846226244546,1031.7859090016939,5.841401489236443e-05,11.744314658546271
818.0,871.1306178725937,0.009648953663500864,0.16392521433071008,1.0,933.2387977173115,1031.7842212057635,5.8550496177794774e-05,11.771754634450177
820.0,870.8027674439322,0.009648111578162012,0.16395801189216164,1.0,933.1929442646613,1031.7825329481084,5.868694693756583e-05,11.799188473077804
822.0,870.474851420148,0.009647269585277542,0.16399082460238187,1.0,933.147062231787,1031.780844228361,5.8823367174533734e-05,11.826616175003391
824.0,870.1468697709432,0.00964642768496558,0.164023652483389,1.0,933.1011515839034,1031.7791550461552,5.895975689155369e-05,11.854037740800981
826.0,869.8188224659765,0.009645585877344483,0.16405649555724014,1.0,933.0552122861607,1031.7774654011223,5.909611609147996e-05,11.881453171044438
828.0,869.490709474862,0.009644744162532835,0.1640893538460334,1.0,933.0092443036446,1031.7757752928942,5.923244477716588e-05,11.908862466307427
830.0,869.16253076717,0.009643902540649476,0.16412222737191556,1.0,932.9632476013667,1031.7740847211016,5.9368742951463844e-05,11.936265627163433
832.0,868.8342863124261,0.009643061011813458,0.16415511615706752,1.0,932.9172221442813,1031.772393685375,5.95050106172253e-05,11.963662654185752
834.0,868.505976080112,0.009642219576144083,0.1641880202237176,1.0,932.8711678972688,1031.7707021853432,5.964124777730076e-05,11.991053547947482
836.0,868.1776000396645,0.009641378233760886,0.16422093959413495,1.0,932.8250848251456,1031.7690102206354,5.977745443453978e-05,12.01843830902154
838.0,867.8491581604762,0.009640536984783638,0.16425387429063157,1.0,932.77897289266,1031.76731779088,5.9913630591790984e-05,12.045816937980646
840.0,867.520650411895,0.009639695829332355,0.1642868243355626,1.0,932.7328320644921,1031.7656248957041,6.004977625190203e-05,12.073189435397333
842.0,867.1920767632238,0.009638854767527285,0.16431978975132625,1.0,932.6866623052543,1031.7639315347349,6.018589141771964e-05,12.100555801843946
844.0,866.8634371837211,0.009638013799488915,0.1643527705603614,1.0,932.6404635794933,1031.762237707598,6.0321976092089575e-05,12.127916037892629
846.0,866.5347316426004,0.009637172925337978,0.1643857667851529,1.0,932.5942358516847,1031.7605434139193,6.045803027785664e-05,12.155270144115338
848.0,866.2059601090301,0.009636332145195442,0.16441877844822714,1.0,932.5479790862375,1031.7588486533232,6.059405397786469e-05,12.182618121083841
850.0,865.8771225521336,0.009635491459182514,0.16445180557215333,1.0,932.5016932474932,1031.7571534254341,6.0730047194956605e-05,12.20995996936971
852.0,865.5482189409894,0.00963465086742066,0.16448484817954695,1.0,932.4553782997211,1031.7554577298756,6.086600993197433e-05,12.237295689544322
854.0,865.2192492446303,0.00963381037003156,0.16451790629306198,1.0,932.4090342071271,1031.7537615662698,6.100194219175881e-05,12.26462528217886
856.0,864.8902134320442,0.00963296996713716,0.1645509799353995,1.0,932.3626609338447,1031.7520649342393,6.113784397715007e-05,12.291948747844321
858.0,864.5611114721734,0.009632129658859645,0.16458406912930457,1.0,932.3162584439377,1031.7503678334053,6.127371529098712e-05,12.319266087111494
860.0,864.2319433339147,0.00963128944532144,0.16461717389756417,1.0,932.269826701403,1031.7486702633885,6.140955613610803e-05,12.346577300550981
862.0,863.9027089861196,0.009630449326645215,0.16465029426300953,1.0,932.2233656701668,1031.7469722238086,6.154536651534988e-05,12.37388238873319
864.0,863.5734083975935,0.00962960930295389,0.1646834302485169,1.0,932.1768753140857,1031.7452737142853,6.16811464315488e-05,12.40118135222833
866.0,863.2440415370965,0.009628769374370632,0.16471658187700644,1.0,932.130355596946,1031.7435747344368,6.181689588753994e-05,12.428474191606414
868.0,862.9146083733424,0.009627929541018845,0.16474974917144075,1.0,932.0838064824662,1031.7418752838814,6.195261488615745e-05,12.455760907437261
870.0,862.5851088749995,0.009627089803022192,0.16478293215482942,1.0,932.0372279342919,1031.7401753622362,6.208830343023449e-05,12.483041500290486
872.0,862.2555430106898,0.009626250160504588,0.16481613085022614,1.0,931.9906199159983,1031.7384749691175,6.222396152260328e-05,12.510315970735514
874.0,861.9259107489894,0.009625410613590176,0.16484934528072642,1.0,931.9439823910935,1031.7367741041414,6.235958916609504e-05,12.537584319341569
876.0,861.5962120584279,0.00962457116240337,0.16488257546947316,1.0,931.8973153230118,1031.735072766923,6.249518636353997e-05,12.564846546677677
878.0,861.266446907489,0.009623731807068823,0.16491582143965225,1.0,931.8506186751182,1031.7333709570762,6.263075311776733e-05,12.592102653312661
880.0,860.9366152646097,0.009622892547711443,0.1649490832144965,1.0,931.803892410705,1031.7316686742151,6.276628943160535e-05,12.619352639815151
882.0,860.6067170981808,0.00962205338445639,0.16498236081728293,1.0,931.7571364929939,1031.729965917953,6.29017953078813e-05,12.64659650675358
884.0,860.2767523765461,0.009621214317429072,0.16501565427133197,1.0,931.7103508851372,1031.7282626879019,6.303727074942143e-05,12.673834254696164
886.0,859.9467210680035,0.009620375346755158,0.1650489636000122,1.0,931.6635355502118,1031.726558983673,6.3172715759051e-05,12.70106588421094
888.0,859.6166231408035,0.009619536472560558,0.16508228882673437,1.0,931.616690451227,1031.7248548048776,6.330813033959426e-05,12.728291395865728
890.0,859.2864585631501,0.009618697694971453,0.16511562997495818,1.0,931.5698155511161,1031.723150151126,6.344351449387447e-05,12.755510790228158
892.0,858.9562273032002,0.009617859014114266,0.16514898706818762,1.0,931.5229108127413,1031.7214450220272,6.357886822471389e-05,12.782724067865647
894.0,858.6259293290639,0.00961702043011568,0.16518236012997026,1.0,931.4759761988952,1031.71973941719,6.371419153493377e-05,12.809931229345416
896.0,858.2955646088039,0.009616181943102632,0.16521574918390192,1.0,931.429011672295,1031.7180333362228,6.384948442735433e-05,12.837132275234486
898.0,857.9651331104361,0.009615343553202312,0.16524915425362158,1.0,931.3820171955882,1031.7163267787325,6.398474690479481e-05,12.864327206099668
900.0,857.6346348019289,0.009614505260542186,0.16528257536281948,1.0,931.3349927313436,1031.714619744326,6.411997897007342e-05,12.89151602250757
902.0,857.3040696512032,0.009613667065249958,0.1653160125352271,1.0,931.2879382420625,1031.7129122326087,6.425518062600736e-05,12.918698725024605
904.0,856.9734376261327,0.009612828967453602,0.1653494657946244,1.0,931.2408536901703,1031.7112042431859,6.43903518754128e-05,12.945875314216968
906.0,856.6427386945435,0.009611990967281353,0.16538293516483835,1.0,931.1937390380184,1031.7094957756622,6.452549272110491e-05,12.973045790650655
908.0,856.3119728242139,0.009611153064861686,0.16541642066973794,1.0,931.1465942478894,1031.707786829641,6.466060316589782e-05,13.000210154891464
910.0,855.9811399828744,0.009610315260323373,0.1654499223332464,1.0,931.0994192819833,1031.7060774047252,6.479568321260465e-05,13.027368407504971
912.0,855.6502401382079,0.009609477553795414,0.1654834401793263,1.0,931.0522141024351,1031.7043675005173,6.493073286403749e-05,13.054520549056564
914.0,855.3192732578492,0.00960863994540709,0.16551697423199152,1.0,931.0049786712995,1031.7026571166184,6.506575212300738e-05,13.081666580111406
916.0,854.9882393093852,0.009607802435287941,0.16555052451530208,1.0,930.9577129505586,1031.7009462526296,6.520074099232436e-05,13.108806501234465
918.0,854.6571382603546,0.009606965023567773,0.16558409105336477,1.0,930.9104169021201,1031.6992349081506,6.533569947479743e-05,13.135940312990503
920.0,854.3259700782479,0.009606127710376652,0.1656176738703342,1.0,930.863090487816,1031.697523082781,6.547062757323454e-05,13.16306801594406
922.0,853.9947347305073,0.00960529049584491,0.1656512729904097,1.0,930.8157336694057,1031.6958107761186,6.56055252904426e-05,13.190189610659475
924.0,853.6634321845264,0.009604453380103151,0.16568488843784251,1.0,930.7683464085696,1031.6940979877618,6.574039262922751e-05,13.217305097700887
926.0,853.3320624076507,0.009603616363282233,0.1657185202369266,1.0,930.7209286669173,1031.6923847173075,6.587522959239409e-05,13.24441447763221
928.0,853.0006253671769,0.0096027794455133,0.16575216841200835,1.0,930.6734804059776,1031.6906709643517,6.601003618274613e-05,13.271517751017159
930.0,852.6691210303529,0.00960194262692775,0.1657858329874796,1.0,930.6260015872065,1031.6889567284904,6.614481240308638e-05,13.29861491841923
932.0,852.337549364378,0.009601105907657252,0.16581951398777947,1.0,930.5784921719843,1031.687242009318,6.627955825621654e-05,13.325705980401715
934.0,852.0059103364024,0.00960026928783375,0.1658532114373967,1.0,930.5309521216138,1031.6855268064287,6.641427374493725e-05,13.35279093752769
936.0,851.6742039135275,0.009599432767589452,0.1658869253608672,1.0,930.4833813973223,1031.6838111194156,6.654895887204809e-05,13.379869790360022
938.0,851.3424300628058,0.009598596347056844,0.1659206557827766,1.0,930.4357799602589,1031.6820949478715,6.668361364034759e-05,13.406942539461363
940.0,851.0105887512402,0.009597760026368675,0.16595440272775625,1.0,930.3881477714991,1031.6803782913878,6.681823805263323e-05,13.434009185394155
942.0,850.6786799457847,0.009596923805657975,0.16598816622048912,1.0,930.340484792038,1031.6786611495559,6.695283211170141e-05,13.46106972872062
944.0,850.3467036133437,0.009596087685058041,0.16602194628570574,1.0,930.2927909827944,1031.6769435219655,6.708739582034749e-05,13.488124170002777
946.0,850.0146597207723,0.009595251664702452,0.16605574294818584,1.0,930.24506630461,1031.6752254082066,6.722192918136575e-05,13.515172509802422
948.0,849.682548234876,0.009594415744725046,0.16608955623275531,1.0,930.1973107182512,1031.6735068078676,6.73564321975494e-05,13.542214748681142
950.0,849.3503691224105,0.009593579925259959,0.16612338616429426,1.0,930.1495241844015,1031.6717877205367,6.749090487169058e-05,13.569250887200301
952.0,849.0181223500819,0.009592744206441583,0.16615723276772726,1.0,930.101706663671,1031.6700681458008,6.762534720658036e-05,13.596280925921054
954.0,848.6858078845464,0.009591908588404597,0.1661910960680309,1.0,930.0538581165893,1031.6683480832462,6.775975920500874e-05,13.62330486540434
956.0,848.3534256924104,0.009591073071283958,0.1662249760902308,1.0,930.0059785036075,1031.666627532459,6.789414086976464e-05,13.650322706210874
958.0,848.0209757402299,0.009590237655214903,0.166258872859403,1.0,929.9580677850977,1031.6649064930239,6.802849220363586e-05,13.67733444890116
960.0,847.688457994511,0.009589402340332934,0.16629278640066927,1.0,929.9101259213567,1031.6631849645246,6.816281320940918e-05,13.704340094035484
962.0,847.3558724217097,0.009588567126773851,0.16632671673920651,1.0,929.8621528725971,1031.6614629465448,6.829710388987027e-05,13.731339642173912
964.0,847.0232189882313,0.00958773201467373,0.16636066390023954,1.0,929.8141485989544,1031.6597404386669,6.843136424780371e-05,13.758333093876296
966.0,846.6904976604308,0.009586897004168916,0.16639462790904092,1.0,929.7661130604871,1031.6580174404726,6.856559428599297e-05,13.78532044970226
968.0,846.3577084046127,0.009586062095396053,0.16642860879093646,1.0,929.7180462171706,1031.656293951543,6.869979400722046e-05,13.812301710211214
970.0,846.0248511870309,0.009585227288492058,0.16646260657130135,1.0,929.6699480289016,1031.654569971458,6.883396341426748e-05,13.83927687596235
972.0,845.6919259738883,0.009584392583594144,0.16649662127556328,1.0,929.6218184554946,1031.6528454997972,6.896810250991423e-05,13.866245947514633
974.0,845.3589327313372,0.009583557980839787,0.16653065292919558,1.0,929.5736574566893,1031.6511205361392,6.910221129693981e-05,13.893208925426809
976.0,845.0258714254788,0.009582723480366767,0.16656470155772685,1.0,929.5254649921394,1031.6493950800618,6.923628977812223e-05,13.920165810257407
978.0,844.6927420223634,0.009581889082313146,0.16659876718673605,1.0,929.4772410214189,1031.6476691311418,6.937033795623839e-05,13.94711660256473
980.0,844.35954448799,0.009581054786817266,0.1666328498418509,1.0,929.4289855040233,1031.6459426889555,6.950435583406407e-05,13.97406130290686
982.0,844.0262787883063,0.009580220594017768,0.16666694954875258,1.0,929.3806983993643,1031.6442157530785,6.963834341437395e-05,14.00099991184165
984.0,843.6929448892088,0.009579386504053567,0.16670106633317208,1.0,929.332379666774,1031.6424883230854,6.97723006999416e-05,14.027932429926738
986.0,843.3595427565424,0.009578552517063882,0.16673520022089244,1.0,929.2840292655017,1031.6407603985497,6.990622769353947e-05,14.054858857719532
988.0,843.0260723561006,0.009577718633188216,0.1667693512377493,1.0,929.2356471547141,1031.6390319790446,7.00401243979389e-05,14.081779195777223
990.0,842.6925336536251,0.009576884852566357,0.16680351940962698,1.0,929.1872332934996,1031.6373030641425,7.01739908159101e-05,14.108693444656762
992.0,842.3589266148058,0.009576051175338393,0.16683770476246498,1.0,929.1387876408593,1031.6355736534142,7.030782695022217e-05,14.135601604914887
994.0,842.0252512052808,0.0095752176016447,0.16687190732225332,1.0,929.0903101557153,1031.6338437464312,7.044163280364306e-05,14.16250367710811
996.0,841.6915073906363,0.009574384131625957,0.16690612711503522,1.0,929.0418007969041,1031.6321133427625,7.057540837893963e-05,14.189399661792706
998.0,841.3576951364062,0.009573550765423116,0.16694036416690236,1.0,928.9932595231841,1031.6303824419772,7.070915367887758e-05,14.21628955952474
1000.0,841.0238144080723,0.009572717503177444,0.166974618504004,1.0,928.9446862932251,1031.6286510436437,7.08428687062215e-05,14.243173370860026
1002.0,840.6898651710643,0.009571884345030491,0.16700889015253773,1.0,928.8960810656179,1031.6269191473293,7.097655346373481e-05,14.27005109635417
1004.0,840.3558473907592,0.009571051291124117,0.16704317913875738,1.0,928.8474437988652,1031.6251867526003,7.111020795417982e-05,14.29692273656254
1006.0,840.0217610324817,0.009570218341600463,0.16707748548896617,1.0,928.7987744513907,1031.6234538590224,7.12438321803177e-05,14.323788292040273
1008.0,839.6876060615037,0.009569385496601985,0.16711180922952365,1.0,928.7500729815293,1031.6217204661607,7.137742614490848e-05,14.350647763342286
1010.0,839.3533824430447,0.009568552756271418,0.1671461503868379,1.0,928.7013393475376,1031.6199865735791,7.151098985071103e-05,14.377501151023257
1012.0,839.019090142271,0.009567720120751817,0.16718050898737588,1.0,928.6525735075802,1031.6182521808407,7.164452330048307e-05,14.404348455637633
1014.0,838.6847291242963,0.009566887590186524,0.16721488505765347,1.0,928.603775419743,1031.616517287508,7.17780264969812e-05,14.431189677739637
1016.0,838.350299354181,0.009566055164719188,0.16724927862424122,1.0,928.5549450420253,1031.6147818931427,7.191149944296081e-05,14.45802481788325
1018.0,838.0158007969325,0.009565222844493758,0.1672836897137646,1.0,928.5060823323396,1031.6130459973053,7.20449421411762e-05,14.48485387662223
1020.0,837.6812334175049,0.009564390629654492,0.1673181183529018,1.0,928.4571872485141,1031.6113095995556,7.217835459438046e-05,14.511676854510098
1022.0,837.3465971807991,0.00956355852034594,0.1673525645683841,1.0,928.4082597482926,1031.6095726994529,7.231173680532554e-05,14.538493752100138
1024.0,837.0118920516624,0.009562726516712968,0.1673870283869986,1.0,928.3592997893311,1031.6078352965553,7.244508877676223e-05,14.565304569945406
1026.0,836.6771179948884,0.009561894618900744,0.1674215098355861,1.0,928.3103073291994,1031.60609739042,7.257841051144014e-05,14.592109308598719
1028.0,836.3422749752172,0.009561062827054736,0.16745600894103932,1.0,928.2612823253843,1031.6043589806036,7.271170201210774e-05,14.618907968612666
1030.0,836.0073629573351,0.009560231141320728,0.16749052573030918,1.0,928.2122247352819,1031.602620066662,7.284496328151228e-05,14.645700550539589
1032.0,835.6723819058744,0.009559399561844815,0.16752506023040012,1.0,928.1631345162025,1031.6008806481498,7.297819432239988e-05,14.672487054931608
1034.0,835.3373317854137,0.00955856808877339,0.1675596124683705,1.0,928.1140116253703,1031.5991407246208,7.311139513751545e-05,14.69926748234059
1036.0,835.0022125604769,0.00955773672225316,0.16759418247133337,1.0,928.0648560199227,1031.5974002956286,7.324456572960275e-05,14.726041833318176
1038.0,834.6670241955343,0.009556905462431152,0.16762877026645825,1.0,928.0156676569076,1031.595659360725,7.337770610140434e-05,14.752810108415767
1040.0,834.3317666550014,0.00955607430945469,0.16766337588096927,1.0,927.9664464932863,1031.5939179194615,7.351081625566159e-05,14.77957230818453
1042.0,833.9964399032394,0.00955524326347141,0.16769799934214297,1.0,927.9171924859354,1031.592175971389,7.36438961951147e-05,14.80632843317538
1044.0,833.6610439045552,0.009554412324629275,0.16773264067731614,1.0,927.8679055916374,1031.5904335160567,7.377694592250267e-05,14.83307848393901
1046.0,833.3255786232005,0.00955358149307656,0.167767299913881,1.0,927.8185857670874,1031.5886905530137,7.390996544056331e-05,14.859822461025859
1048.0,832.9900440233728,0.00955275076896185,0.1678019770792824,1.0,927.7692329688945,1031.5869470818077,7.404295475203322e-05,14.886560364986135
1050.0,832.6544400692142,0.009551920152434036,0.16783667220102066,1.0,927.7198471535803,1031.585203101986,7.41759138596478e-05,14.91329219636979
1052.0,832.3187667248121,0.009551089643642346,0.1678713853066566,1.0,927.6704282775715,1031.5834586130948,7.430884276614128e-05,14.940017955726557
1054.0,831.9830239541988,0.00955025924273631,0.16790611642380338,1.0,927.6209762972105,1031.5817136146795,7.444174147424665e-05,14.96673764360591
1056.0,831.6472117213511,0.009549428949865784,0.16794086558013183,1.0,927.5714911687476,1031.5799681062842,7.457460998669572e-05,14.993451260557084
1058.0,831.3113299901909,0.009548598765180947,0.16797563280337155,1.0,927.5219728483416,1031.578222087453,7.470744830621908e-05,15.020158807129075
1060.0,830.9753787245842,0.009547768688832286,0.1680104181213043,1.0,927.4724212920662,1031.5764755577284,7.484025643554609e-05,15.04686028387063
1062.0,830.6393578883416,0.009546938720970618,0.16804522156177154,1.0,927.4228364559007,1031.574728516652,7.497303437740492e-05,15.073555691330256
1064.0,830.303267445218,0.00954610886174709,0.16808004315267405,1.0,927.3732182957323,1031.5729809637653,7.510578213452252e-05,15.100245030056211
1066.0,829.9671073589127,0.00954527911131315,0.1681148829219637,1.0,927.3235667673626,1031.5712328986076,7.523849970962459e-05,15.126928300596509
1068.0,829.6308775930688,0.009544449469820582,0.16814974089765225,1.0,927.2738818265009,1031.5694843207186,7.537118710543564e-05,15.153605503498921
1070.0,829.2945781112735,0.009543619937421508,0.16818461710781413,1.0,927.2241634287578,1031.5677352296366,7.550384432467894e-05,15.180276639310966
1072.0,828.9582088770578,0.009542790514268361,0.1682195115805746,1.0,927.1744115296609,1031.5659856248985,7.563647137007652e-05,15.206941708579919
1074.0,828.6217698538967,0.009541961200513894,0.16825442434411791,1.0,927.1246260846442,1031.5642355060415,7.57690682443492e-05,15.233600711852805
1076.0,828.2852610052084,0.009541131996311207,0.16828935542669027,1.0,927.0748070490444,1031.5624848726006,7.590163495021654e-05,15.260253649676404
1078.0,827.9486822943551,0.00954030290181371,0.1683243048565896,1.0,927.0249543781139,1031.5607337241108,7.603417149039689e-05,15.286900522597247
1080.0,827.6120336846419,0.00953947391717515,0.16835927266217715,1.0,926.9750680270063,1031.558982060106,7.616667786760732e-05,15.313541331161609
1082.0,827.2753151393175,0.009538645042549617,0.1683942588718721,1.0,926.9251479507826,1031.5572298801187,7.62991540845637e-05,15.340176075915526
1084.0,826.9385266215737,0.009537816278091513,0.16842926351415016,1.0,926.8751941044134,1031.5554771836812,7.643160014398061e-05,15.36680475740477
1086.0,826.6016680945454,0.00953698762395558,0.1684642866175469,1.0,926.8252064427743,1031.5537239703244,7.656401604857144e-05,15.393427376174875
1088.0,826.2647395213103,0.009536159080296891,0.1684993282106549,1.0,926.7751849206493,1031.5519702395786,7.669640180104827e-05,15.420043932771119
1090.0,825.927740864889,0.009535330647270857,0.16853438832212872,1.0,926.7251294927249,1031.550215990973,7.682875740412194e-05,15.446654427738519
1092.0,825.5906720882447,0.009534502325033223,0.16856946698068098,1.0,926.6750401135956,1031.548461224036,7.696108286050204e-05,15.473258861621844
1094.0,825.2535331542833,0.009533674113740072,0.16860456421508357,1.0,926.6249167377606,1031.546705938295,7.70933781728969e-05,15.499857234965619
1096.0,824.9163240258532,0.009532846013547824,0.1686396800541685,1.0,926.5747593196238,1031.5449501332762,7.722564334401358e-05,15.526449548314103
1098.0,824.5790446657448,0.009532018024613221,0.16867481452682348,1.0,926.5245678134991,1031.5431938085055,7.735787837655787e-05,15.553035802211305
1100.0,824.2416950366912,0.009531190147093372,0.16870996766200266,1.0,926.474342173597,1031.5414369635075,7.74900832732343e-05,15.579615997200975
1102.0,823.9042751013673,0.009530362381145702,0.16874513948871528,1.0,926.424082354039,1031.539679597806,7.762225803674611e-05,15.606190133826612
1104.0,823.5667848223899,0.009529534726927993,0.1687803300360327,1.0,926.3737883088473,1031.5379217109235,7.77544026697953e-05,15.632758212631456
1106.0,823.2292241623178,0.009528707184598353,0.1688155393330858,1.0,926.3234599919508,1031.5361633023824,7.788651717508254e-05,15.659320234158491
1108.0,822.8915930836516,0.009527879754315245,0.16885076740906554,1.0,926.2730973571806,1031.5344043717032,7.801860155530725e-05,15.68587619895044
1110.0,822.5538915488335,0.00952705243623748,0.16888601429322606,1.0,926.2227003582692,1031.5326449184056,7.815065581316755e-05,15.712426107549774
1112.0,822.216119520247,0.009526225230524193,0.1689212800148786,1.0,926.1722689488571,1031.5308849420094,7.82826799513603e-05,15.738969960498695
1114.0,821.8782769602172,0.009525398137334894,0.16895656460340067,1.0,926.1218030824809,1031.5291244420323,7.841467397258106e-05,15.765507758339158
1116.0,821.5403638310105,0.00952457115682941,0.16899186808822397,1.0,926.0713027125878,1031.5273634179914,7.854663787952405e-05,15.792039501612848
1118.0,821.2023800948341,0.00952374428916793,0.16902719049884538,1.0,926.0207677925232,1031.525601869403,7.867857167488226e-05,15.818565190861191
1120.0,820.8643257138364,0.009522917534510997,0.16906253186482437,1.0,925.970198275533,1031.5238397957826,7.881047536134733e-05,15.845084826625355
1122.0,820.5262006501067,0.009522090893019499,0.16909789221578106,1.0,925.9195941147665,1031.522077196644,7.894234894160963e-05,15.87159840944625
1124.0,820.1880048656751,0.009521264364854667,0.16913327158139624,1.0,925.8689552632759,1031.5203140715012,7.90741924183582e-05,15.898105939864507
1126.0,819.8497383225123,0.00952043795017809,0.1691686699914121,1.0,925.8182816740143,1031.518550419866,7.920600579428079e-05,15.92460741842051
1128.0,819.5114009825295,0.009519611649151714,0.16920408747563595,1.0,925.7675732998337,1031.5167862412502,7.933778907206381e-05,15.951102845654372
1130.0,819.1729928075782,0.009518785461937832,0.1692395240639354,1.0,925.7168300934885,1031.5150215351644,7.946954225439238e-05,15.977592222105946
1132.0,818.8345137594504,0.009517959388699095,0.1692749797862408,1.0,925.666052007633,1031.5132563011175,7.960126534395032e-05,16.004075548314812
1134.0,818.4959637998779,0.009517133429598508,0.16931045467254505,1.0,925.6152389948226,1031.511490538619,7.973295834342007e-05,16.030552824820298
1136.0,818.1573428905328,0.009516307584799433,0.16934594875290468,1.0,925.564391007511,1031.5097242471759,7.986462125548279e-05,16.05702405216145
1138.0,817.8186509930271,0.00951548185446559,0.16938146205743773,1.0,925.513507998053,1031.5079574262948,7.99962540828183e-05,16.083489230877053
1140.0,817.4798880689121,0.009514656238761063,0.1694169946163277,1.0,925.462589918701,1031.5061900754815,8.012785682810509e-05,16.109948361505623
1142.0,817.1410540796795,0.009513830737850284,0.16945254645981825,1.0,925.4116367216094,1031.5044221942405,8.025942949402032e-05,16.136401444585424
1144.0,816.8021489867599,0.009513005351898054,0.16948811761821897,1.0,925.3606483588286,1031.5026537820756,8.039097208323981e-05,16.162848480654425
1146.0,816.4631727515234,0.009512180081069539,0.1695237081219036,1.0,925.3096247823075,1031.5008848384898,8.052248459843802e-05,16.18928947025034
1148.0,816.1241253352796,0.009511354925530258,0.1695593180013075,1.0,925.2585659438951,1031.4991153629842,8.06539670422881e-05,16.21572441391061
1150.0,815.785006699277,0.009510529885446104,0.16959494728693142,1.0,925.2074717953374,1031.4973453550601,8.078541941746183e-05,16.242153312172412
1152.0,815.4458168047031,0.009509704960983332,0.16963059600934127,1.0,925.1563422882762,1031.495574814217,8.091684172662965e-05,16.26857616557264
1154.0,815.1065556126844,0.00950888015230856,0.16966626419916603,1.0,925.105177374253,1031.4938037399536,8.104823397246066e-05,16.294992974647922
1156.0,814.767223084286,0.00950805545958877,0.16970195188709752,1.0,925.0539770047077,1031.4920321317677,8.117959615762257e-05,16.321403739934617
1158.0,814.4278191805118,0.009507230882991324,0.16973765910389668,1.0,925.0027411309721,1031.4902599891561,8.131092828478174e-05,16.347808461968803
1160.0,814.0883438623041,0.009506406422683945,0.16977338588038632,1.0,924.9514697042783,1031.4884873116148,8.14422303566032e-05,16.374207141286288
1162.0,813.7487970905433,0.009505582078834724,0.16980913224745403,1.0,924.9001626757546,1031.4867140986382,8.157350237575058e-05,16.4005997784226
1164.0,813.4091788260484,0.009504757851612127,0.16984489823605375,1.0,924.8488199964237,1031.48494034972,8.170474434488615e-05,16.426986373913007
1166.0,813.0694890295763,0.009503933741184998,0.16988068387720617,1.0,924.7974416172028,1031.4831660643533,8.18359562666708e-05,16.453366928292482
1168.0,812.7297276618219,0.009503109747722545,0.1699164892019951,1.0,924.7460274889078,1031.4813912420298,8.196713814376406e-05,16.479741442095733
1170.0,812.3898946834179,0.009502285871394366,0.169952314241574,1.0,924.6945775622443,1031.47961588224,8.209828997882407e-05,16.506109915857188
1172.0,812.0499900549347,0.009501462112370403,0.1699881590271555,1.0,924.6430917878206,1031.4778399844736,8.22294117745076e-05,16.532472350110996
1174.0,811.7100137368805,0.009500638470821016,0.17002402359002652,1.0,924.5915701161308,1031.4760635482196,8.236050353347002e-05,16.558828745391033
1176.0,811.3699656897004,0.00949981494691691,0.17005990796153386,1.0,924.5400124975699,1031.4742865729654,8.249156525836532e-05,16.585179102230885
1178.0,811.0298458737773,0.00949899154082919,0.17009581217309658,1.0,924.4884188824204,1031.4725090581978,8.26225969518461e-05,16.611523421163866
1180.0,810.6896542494311,0.009498168252729327,0.17013173625619424,1.0,924.4367892208653,1031.4707310034023,8.275359861656356e-05,16.63786170272301
1182.0,810.3493907769188,0.009497345082789177,0.17016768024237774,1.0,924.385123462976,1031.4689524080636,8.288457025516748e-05,16.66419394744107
1184.0,810.009055416434,0.009496522031180983,0.17020364416326336,1.0,924.3334215587184,1031.4671732716652,8.301551187030628e-05,16.690520155850503
1186.0,809.6686481281074,0.009495699098077374,0.17023962805053686,1.0,924.281683457949,1031.4653935936894,8.314642346462694e-05,16.716840328483507
1188.0,809.3281688720064,0.009494876283651352,0.17027563193594888,1.0,924.2299091104196,1031.4636133736183,8.327730504077505e-05,16.743154465871978
1190.0,808.9876176081344,0.009494053588076312,0.17031165585131855,1.0,924.1780984657726,1031.4618326109319,8.340815660139479e-05,16.76946256854754
1192.0,808.6469942964318,0.00949323101152604,0.17034769982853462,1.0,924.1262514735402,1031.4600513051098,8.35389781491289e-05,16.795764637041522
1194.0,808.3062988967747,0.009492408554174703,0.17038376389955118,1.0,924.074368083149,1031.4582694556302,8.366976968661874e-05,16.822060671884977
1196.0,807.9655313689756,0.00949158621619685,0.1704198480963899,1.0,924.0224482439178,1031.4564870619704,8.380053121650419e-05,16.84835067360866
1198.0,807.6246916727828,0.009490763997767444,0.17045595245114661,1.0,923.9704919050495,1031.4547041236071,8.393126274142377e-05,16.874634642743057
1200.0,807.2837797678804,0.009489941899061816,0.17049207699597946,1.0,923.918499015644,1031.4529206400148,8.406196426401454e-05,16.900912579818357
1202.0,806.9427956138885,0.0094891199202557,0.1705282217631182,1.0,923.8664695246894,1031.4511366106683,8.41926357869121e-05,16.927184485364453
1204.0,806.6017391703623,0.009488298061525227,0.170564386784863,1.0,923.8144033810606,1031.4493520350404,8.432327731275067e-05,16.95345035991096
1206.0,806.2606103967926,0.009487476323046914,0.17060057209358004,1.0,923.7623005335269,1031.4475669126032,8.445388884416298e-05,16.979710203987203
1208.0,805.9194092526054,0.009486654704997675,0.1706367777217063,1.0,923.7101609307439,1031.4457812428275,8.458447038378036e-05,17.005964018122217
1210.0,805.578135697162,0.009485833207554828,0.1706730037017485,1.0,923.6579845212572,1031.4439950251835,8.471502193423266e-05,17.032211802844735
1212.0,805.2367896897586,0.00948501183089609,0.17070925006628435,1.0,923.6057712534986,1031.44220825914,8.484554349814829e-05,17.058453558683215
1214.0,804.895371189626,0.009484190575199567,0.17074551684795963,1.0,923.5535210757905,1031.4404209441643,8.497603507815422e-05,17.084689286165812
1216.0,804.5538801559301,0.00948336944064377,0.17078180407949117,1.0,923.5012339363429,1031.4386330797238,8.510649667687593e-05,17.11091898582039
1218.0,804.2123165477711,0.009482548427407622,0.17081811179366602,1.0,923.4489097832527,1031.4368446652836,8.523692829693748e-05,17.137142658174522
1220.0,803.8706803241838,0.009481727535670434,0.1708544400233416,1.0,923.3965485645047,1031.4350557003086,8.536732994096144e-05,17.163360303755486
1222.0,803.5289714441371,0.009480906765611932,0.1708907888014467,1.0,923.3441502279696,1031.4332661842618,8.549770161156893e-05,17.189571923090263
1224.0,803.1871898665343,0.00948008611741224,0.1709271581609805,1.0,923.2917147214059,1031.4314761166058,8.562804331137958e-05,17.21577751670554
1226.0,802.8453355502123,0.009479265591251902,0.17096354813501513,1.0,923.2392419924561,1031.429685496802,8.575835504301155e-05,17.241977085127708
1228.0,802.5034084539423,0.00947844518731185,0.17099995875669052,1.0,923.1867319886525,1031.4278943243103,8.588863680908153e-05,17.268170628882853
1230.0,802.1614085364289,0.009477624905773438,0.17103639005922144,1.0,923.1341846574097,1031.42610259859,8.601888861220472e-05,17.294358148496777
1232.0,801.8193357563105,0.009476804746818425,0.1710728420758925,1.0,923.0815999460295,1031.4243103190988,8.614911045499485e-05,17.32053964449497
1234.0,801.4771900721587,0.009475984710628998,0.17110931484006342,1.0,923.0289778016953,1031.4225174852938,8.627930234006414e-05,17.346715117402635
1236.0,801.1349714424786,0.009475164797387733,0.17114580838516272,1.0,922.9763181714789,1031.4207240966307,8.640946427002332e-05,17.372884567744666
1238.0,800.7926798257082,0.009474345007277627,0.1711823227446912,1.0,922.9236210023366,1031.4189301525644,8.653959624748165e-05,17.39904799604566
1240.0,800.4503151802188,0.009473525340482096,0.17121885795222327,1.0,922.8708862411073,1031.417135652548,8.666969827504685e-05,17.425205402829906
1242.0,800.1078774643144,0.009472705797184977,0.17125541404140826,1.0,922.818113834511,1031.4153405960342,8.679977035532518e-05,17.4513567886214
1244.0,799.7653666362315,0.009471886377570522,0.17129199104596746,1.0,922.7653037291528,1031.4135449824744,8.692981249092135e-05,17.47750215394383
1246.0,799.4227826541396,0.009471067081823388,0.1713285889996907,1.0,922.7124558715257,1031.4117488113186,8.705982468443858e-05,17.503641499320583
1248.0,799.0801254761402,0.009470247910128673,0.17136520793644844,1.0,922.6595702079966,1031.409952082016,8.71898069384786e-05,17.52977482527474
1250.0,798.7373950602673,0.009469428862671887,0.1714018478901815,1.0,922.6066466848192,1031.4081547940143,8.731975925564156e-05,17.555902132329066
1252.0,798.3945913644869,0.009468609939638956,0.17143850889490247,1.0,922.5536852481312,1031.4063569467608,8.744968163852615e-05,17.582023421006046
1254.0,798.0517143466972,0.009467791141216243,0.1714751909847022,1.0,922.500685843947,1031.404558539701,8.75795740897295e-05,17.608138691827836
1256.0,797.7087639647277,0.009466972467590522,0.1715118941937409,1.0,922.4476484181677,1031.4027595722791,8.770943661184722e-05,17.634247945316282
1258.0,797.3657401763403,0.009466153918949016,0.17154861855626,1.0,922.3945729165678,1031.400960043939,8.783926920747338e-05,17.660351181992947
1260.0,797.0226429392278,0.009465335495479347,0.17158536410656847,1.0,922.3414592848104,1031.3991599541225,8.796907187920053e-05,17.68644840237906
1262.0,796.6794722110146,0.009464517197369588,0.17162213087905526,1.0,922.2883074684332,1031.3973593022713,8.809884462961967e-05,17.71253960699555
1264.0,796.3362279492566,0.009463699024808231,0.17165891890818116,1.0,922.235117412857,1031.3955580878248,8.822858746132025e-05,17.738624796363034
1266.0,795.9929101114402,0.009462880977984204,0.17169572822848475,1.0,922.18188906338,1031.3937563102224,8.835830037689019e-05,17.764703971001822
1268.0,795.6495186549832,0.009462063057086871,0.17173255887457997,1.0,922.1286223651791,1031.3919539689014,8.848798337891582e-05,17.790777131431906
1270.0,795.3060535372341,0.009461245262306017,0.17176941088115283,1.0,922.0753172633146,1031.3901510632984,8.861763646998195e-05,17.816844278172965
1272.0,794.9625147154718,0.009460427593831887,0.1718062842829726,1.0,922.0219737027165,1031.388347592849,8.874725965267182e-05,17.842905411744375
1274.0,794.6189021469058,0.009459610051855133,0.17184317911487632,1.0,921.968591628203,1031.386543556987,8.887685292956711e-05,17.86896053266518
1276.0,794.2752157886761,0.009458792636566873,0.17188009541178412,1.0,921.915170984462,1031.3847389551456,8.900641630324792e-05,17.895009641454127
1278.0,793.9314555978525,0.009457975348158638,0.17191703320868865,1.0,921.8617117160636,1031.382933786757,8.913594977629279e-05,17.92105273862963
1280.0,793.5876215314352,0.009457158186822426,0.17195399254066257,1.0,921.8082137674512,1031.3811280512512,8.926545335127868e-05,17.947089824709806
1282.0,793.2437135463539,0.009456341152750658,0.17199097344285258,1.0,921.7546770829488,1031.3793217480584,8.939492703078099e-05,17.973120900212432
1284.0,792.8997315994682,0.009455524246136207,0.17202797595048536,1.0,921.7011016067527,1031.3775148766065,8.95243708173735e-05,17.99914596565499
1286.0,792.5556756475672,0.009454707467172386,0.1720650000988628,1.0,921.6474872829384,1031.375707436323,8.965378471362844e-05,18.025165021554624
1288.0,792.2115456473695,0.00945389081605296,0.17210204592336598,1.0,921.5938340554549,1031.3738994266332,8.978316872211643e-05,18.051178068428168
1290.0,791.8673415555228,0.009453074292972144,0.17213911345945543,1.0,921.5401418681255,1031.372090846963,8.991252284540649e-05,18.07718510679213
1292.0,791.5230633286038,0.009452257898124589,0.17217620274266632,1.0,921.4864106646514,1031.370281696735,9.004184708606605e-05,18.1031861371627
1294.0,791.1787109231185,0.009451441631705401,0.1722133138086133,1.0,921.4326403886073,1031.368471975372,9.017114144666094e-05,18.12918116005575
1296.0,790.8342842955012,0.009450625493910148,0.17225044669299194,1.0,921.3788309834397,1031.3666616822952,9.03004059297554e-05,18.155170175986825
1298.0,790.4897834021152,0.009449809484934842,0.17228760143157537,1.0,921.3249823924698,1031.3648508169244,9.042964053791202e-05,18.181153185471143
1300.0,790.1452081992521,0.00944899360497595,0.17232477806021498,1.0,921.2710945588937,1031.3630393786789,9.05588452736918e-05,18.207130189023594
1302.0,789.8005586431317,0.009448177854230393,0.17236197661484218,1.0,921.2171674257789,1031.3612273669758,9.068802013965413e-05,18.233101187158763
1304.0,789.455834689902,0.00944736223289556,0.17239919713146862,1.0,921.1632009360652,1031.3594147812314,9.081716513835676e-05,18.25906618039088
1306.0,789.111036295639,0.009446546741169279,0.17243643964618408,1.0,921.1091950325666,1031.3576016208615,9.094628027235583e-05,18.285025169233876
1308.0,788.7661634163467,0.009445731379249851,0.17247370419515928,1.0,921.0551496579671,1031.3557878852791,9.107536554420582e-05,18.310978154201333
1310.0,788.4212160079563,0.009444916147336046,0.1725109908146467,1.0,921.0010647548214,1031.3539735738977,9.120442095645961e-05,18.336925135806514
1312.0,788.076194026327,0.009444101045627087,0.17254829954097872,1.0,920.9469402655553,1031.3521586861286,9.133344651166842e-05,18.36286611456235
1314.0,787.731097427245,0.00944328607432265,0.17258563041056546,1.0,920.8927761324691,1031.350343221382,9.146244221238184e-05,18.388801090981445
1316.0,787.3859261664239,0.009442471233622893,0.17262298345989982,1.0,920.8385722977306,1031.3485271790669,9.15914080611478e-05,18.414730065576066
1318.0,787.0406801995041,0.00944165652372844,0.17266035872555852,1.0,920.7843287033749,1031.346710558591,9.17203440605126e-05,18.440653038858155
1320.0,786.6953594820529,0.009440841944840371,0.17269775624419564,1.0,920.7300452913117,1031.3448933593613,9.184925021302087e-05,18.466570011339318
1322.0,786.3499639695646,0.009440027497160261,0.1727351760525519,1.0,920.6757220033134,1031.3430755807826,9.197812652121558e-05,18.492480983530825
1324.0,786.0044936174595,0.009439213180890122,0.17277261818744336,1.0,920.6213587810288,1031.3412572222592,9.210697298763803e-05,18.518385955943618
1326.0,785.6589483810847,0.009438398996232458,0.17281008268577208,1.0,920.5669555659712,1031.339438283194,9.223578961482787e-05,18.544284929088295
1328.0,785.3133282157131,0.009437584943390257,0.17284756958452466,1.0,920.5125122995183,1031.3376187629885,9.236457640532307e-05,18.570177903475127
1330.0,784.9676330765441,0.009436771022566966,0.17288507892076646,1.0,920.4580289229209,1031.335798661043,9.249333336165993e-05,18.596064879614037
1332.0,784.6218629187025,0.009435957233966513,0.17292261073164764,1.0,920.4035053772943,1031.3339779767568,9.262206048637305e-05,18.621945858014627
1334.0,784.2760176972392,0.009435143577793305,0.17296016505440004,1.0,920.3489416036219,1031.3321567095275,9.275075778199539e-05,18.647820839186142
1336.0,783.9300973671304,0.009434330054252232,0.17299774192634051,1.0,920.2943375427514,1031.3303348587513,9.287942525105817e-05,18.673689823637503
1338.0,783.5841018832778,0.009433516663548665,0.17303534138486887,1.0,920.2396931353983,1031.3285124238241,9.300806289609094e-05,18.699552811877275
1340.0,783.238031200508,0.009432703405888455,0.17307296346746862,1.0,920.1850083221426,1031.3266894041394,9.313667071962156e-05,18.7254098044137
1342.0,782.891885273573,0.00943189028147794,0.17311060821170798,1.0,920.1302830434292,1031.3248657990903,9.326524872417619e-05,18.751260801754665
1344.0,782.5456640571497,0.00943107729052394,0.17314827565523755,1.0,920.0755172395704,1031.323041608068,9.339379691227928e-05,18.77710580440772
1346.0,782.1993675058392,0.00943026443323377,0.1731859658357962,1.0,920.0207108507375,1031.3212168304626,9.352231528645355e-05,18.802944812880064
1348.0,781.8529955741676,0.00942945170981523,0.17322367879120365,1.0,919.9658638169716,1031.319391465663,9.365080384922004e-05,18.828777827678557
1350.0,781.5065482165852,0.009428639120476607,0.17326141455936783,1.0,919.9109760781728,1031.3175655130572,9.377926260309805e-05,18.85460484930972
1352.0,781.1600253874665,0.009427826665426688,0.1732991731782808,1.0,919.856047574106,1031.3157389720309,9.390769155060516e-05,18.880425878279713
1354.0,780.8134270411099,0.009427014344874743,0.17333695468601834,1.0,919.801078244401,1031.3139118419692,9.403609069425723e-05,18.906240915094365
1356.0,780.4667531317378,0.00942620215903054,0.17337475912074415,1.0,919.7460680285476,1031.3120841222562,9.416446003656838e-05,18.932049960259135
1358.0,780.1200036134964,0.009425390108104361,0.1734125865207106,1.0,919.6910168658939,1031.310255812274,9.429279958005101e-05,18.95785301427916
1360.0,779.7731784404549,0.009424578192306967,0.17345043692425238,1.0,919.6359246956546,1031.3084269114033,9.442110932721577e-05,18.983650077659213
1362.0,779.4262775666064,0.009423766411849617,0.17348831036979082,1.0,919.5807914569054,1031.3065974190245,9.454938928057156e-05,19.009441150903704
1364.0,779.0793009458667,0.009422954766944073,0.173526206895834,1.0,919.5256170885825,1031.3047673345156,9.467763944262553e-05,19.03522623451672
1366.0,778.7322485320751,0.009422143257802633,0.17356412654098458,1.0,919.4704015294737,1031.3029366572541,9.48058598158831e-05,19.06100532900197
1368.0,778.3851202789931,0.009421331884638036,0.17360206934391906,1.0,919.4151447182423,1031.3011053866153,9.49340504028479e-05,19.086778434862822
1370.0,778.0379161403052,0.009420520647663584,0.17364003534341368,1.0,919.3598465933968,1031.299273521974,9.506221120602181e-05,19.112545552602285
1372.0,777.6906360696184,0.00941970954709306,0.17367802457832662,1.0,919.3045070933117,1031.2974410627035,9.519034222790495e-05,19.138306682723023
1374.0,777.3432800204617,0.009418898583140758,0.17371603708760536,1.0,919.2491261562183,1031.2956080081753,9.531844347099568e-05,19.164061825727327
1376.0,776.9958479462865,0.009418087756021492,0.17375407291028705,1.0,919.1937037202048,1031.29377435776,9.544651493779056e-05,19.189810982117145
1378.0,776.6483398004659,0.009417277065950575,0.1737921320854943,1.0,919.1382397232205,1031.2919401108265,9.557455663078438e-05,19.21555415239406
1380.0,776.3007555362949,0.009416466513143856,0.17383021465244508,1.0,919.0827341030647,1031.290105266743,9.570256855247015e-05,19.241291337059298
1382.0,775.95309510699,0.009415656097817663,0.17386832065043742,1.0,919.027186797404,1031.2882698248757,9.583055070533907e-05,19.26702253661373
1384.0,775.605358465689,0.009414845820188878,0.17390645011886727,1.0,918.9715977437513,1031.2864337845897,9.595850309188058e-05,19.292747751557854
1386.0,775.2575455654513,0.00941403568047488,0.17394460309721457,1.0,918.9159668794821,1031.2845971452487,9.60864257145823e-05,19.31846698239182
1388.0,774.9096563592569,0.009413225678893581,0.17398277962505304,1.0,918.8602941418231,1031.282759906215,9.621431857593004e-05,19.344180229615407
1390.0,774.5616908000068,0.00941241581566341,0.17402097974204628,1.0,918.8045794678565,1031.2809220668498,9.634218167840783e-05,19.369887493728037
1392.0,774.2136488405226,0.009411606091003315,0.17405920348794582,1.0,918.7488227945219,1031.2790836265126,9.647001502449786e-05,19.395588775228763
1394.0,773.8655304335467,0.00941079650513277,0.17409745090259504,1.0,918.6930240586114,1031.2772445845615,9.659781861668052e-05,19.421284074616267
1396.0,773.5173355317415,0.00940998705827179,0.1741357220259311,1.0,918.6371831967685,1031.2754049403536,9.672559245743437e-05,19.446973392388887
1398.0,773.1690640876897,0.009409177750640896,0.1741740168979784,1.0,918.5813001454943,1031.2735646932445,9.685333654923615e-05,19.472656729044562
1400.0,772.8207160538938,0.009408368582461161,0.1742123355588563,1.0,918.5253748411385,1031.271723842588,9.698105089456078e-05,19.49833408508089
1402.0,772.472291382776,0.009407559553954177,0.1742506780487749,1.0,918.469407219905,1031.2698823877372,9.710873549588131e-05,19.524005460995088
1404.0,772.1237900266784,0.009406750665342075,0.17428904440803628,1.0,918.4133972178491,1031.268040328043,9.723639035566899e-05,19.549670857284003
1406.0,771.7752119378623,0.009405941916847512,0.1743274346770335,1.0,918.3573447708798,1031.2661976628556,9.73640154763932e-05,19.57533027444411
1408.0,771.4265570685083,0.009405133308693704,0.1743658488962577,1.0,918.3012498147507,1031.2643543915237,9.749161086052146e-05,19.60098371297152
1410.0,771.0778253707158,0.00940432484110438,0.1744042871062864,1.0,918.2451122850734,1031.262510513394,9.761917651051947e-05,19.626631173361964
1412.0,770.7290167965032,0.00940351651430383,0.1744427493477962,1.0,918.188932117303,1031.2606660278127,9.774671242885106e-05,19.6522726561108
1414.0,770.3801312978076,0.009402708328516864,0.17448123566155097,1.0,918.1327092467515,1031.2588209341238,9.787421861797818e-05,19.677908161713013
1416.0,770.0311688264844,0.009401900283968864,0.1745197460884149,1.0,918.0764436085719,1031.2569752316701,9.800169508036092e-05,19.70353769066321
1418.0,769.6821293343075,0.009401092380885736,0.17455828066934317,1.0,918.0201351377707,1031.2551289197936,9.812914181845749e-05,19.72916124345563
1420.0,769.3330127729689,0.009400284619493937,0.17459683944538476,1.0,917.9637837692021,1031.253281997834,9.825655883472424e-05,19.754778820584118
1422.0,768.9838190940782,0.009399477000020482,0.17463542245768482,1.0,917.9073894375667,1031.2514344651297,9.838394613161562e-05,19.780390422542155
1424.0,768.6345482491628,0.009398669522692932,0.17467402974748436,1.0,917.8509520774119,1031.2495863210186,9.851130371158421e-05,19.805996049822834
1426.0,768.2852001896678,0.00939786218773939,0.17471266135611532,1.0,917.7944716231358,1031.2477375648357,9.863863157708067e-05,19.83159570291888
1428.0,767.9357748669555,0.009397054995388536,0.17475131732501167,1.0,917.737948008976,1031.2458881959158,9.87659297305538e-05,19.857189382322613
1430.0,767.5862722323055,0.00939624794586959,0.17478999769569922,1.0,917.6813811690204,1031.2440382135915,9.889319817445045e-05,19.882777088525998
1432.0,767.2366922369141,0.009395441039412325,0.17482870250979926,1.0,917.6247710372033,1031.2421876171945,9.902043691121559e-05,19.908358822020592
1434.0,766.8870348318945,0.009394634276247092,0.17486743180903222,1.0,917.5681175473002,1031.2403364060547,9.914764594329228e-05,19.93393458329758
1436.0,766.5372999682764,0.00939382765660479,0.17490618563521412,1.0,917.5114206329323,1031.2384845795004,9.927482527312166e-05,19.959504372847768
1438.0,766.187487597006,0.009393021180716887,0.17494496403025805,1.0,917.4546802275652,1031.236632136859,9.940197490314293e-05,19.985068191161563
1440.0,765.8375976689455,0.009392214848815411,0.17498376703617394,1.0,917.3978962645078,1031.2347790774559,9.95290948357934e-05,20.010626038728986
1442.0,765.4876301348731,0.009391408661132965,0.17502259469507062,1.0,917.3410686769108,1031.2329254006152,9.96561850735084e-05,20.036177916039673
1444.0,765.137584945483,0.00939060261790271,0.17506144704915352,1.0,917.2841973977687,1031.2310711056596,9.978324561872136e-05,20.061723823582874
1446.0,764.7874620513848,0.00938979671935838,0.17510032414072627,1.0,917.2272823599179,1031.2292161919104,9.991027647386375e-05,20.08726376184744
1448.0,764.4372614031033,0.009388990965734296,0.1751392260121932,1.0,917.1703234960338,1031.227360658687,0.0001000372776413651,20.112797731321837
1450.0,764.0869829510789,0.009388185357265339,0.17517815270605597,1.0,917.1133207386345,1031.225504505308,0.00010016424912365299,20.13832573249414
1452.0,763.7366266456668,0.009387379894186965,0.1752171042649147,1.0,917.0562740200791,1031.2236477310898,0.00010029119092315303,20.163847765852015
1454.0,763.386192437137,0.009386574576735212,0.17525608073146914,1.0,916.9991832725664,1031.2217903353478,0.00010041810304228887,20.189363831882755
1456.0,763.035680275674,0.009385769405146694,0.1752950821485192,1.0,916.9420484281341,1031.2199323173957,0.00010054498548348219,20.214873931073242
1458.0,762.685090111377,0.009384964379658623,0.17533410855896714,1.0,916.8848694186562,1031.2180736765454,0.00010067183824915272,20.240378063909972
1460.0,762.3344218942591,0.009384159500508773,0.17537316000581218,1.0,916.8276461758496,1031.2162144121082,0.00010079866134171818,20.265876230879034
1462.0,761.9836755742475,0.009383354767935514,0.17541223653215515,1.0,916.7703786312669,1031.2143545233928,0.00010092545476359432,20.29136843246612
1464.0,761.6328511011832,0.009382550182177802,0.17545133818119862,1.0,916.713066716298,1031.2124940097071,0.0001010522185171949,20.316854669156527
1466.0,761.2819484248208,0.009381745743475181,0.17549046499624568,1.0,916.6557103621702,1031.2106328703574,0.0001011789526049317,20.342334941435144
1468.0,760.9309674948283,0.009380941452067793,0.17552961702070347,1.0,916.5983094999445,1031.2087711046481,0.00010130565702921449,20.36780924978647
1470.0,760.579908260787,0.009380137308196356,0.17556879429807534,1.0,916.5408640605243,1031.2069087118823,0.00010143233179245102,20.393277594694588
1472.0,760.2287706721908,0.009379333312102204,0.17560799687197348,1.0,916.4833739746405,1031.2050456913619,0.00010155897689704704,20.41873997664318
1474.0,759.8775546784468,0.009378529464027252,0.175647224786109,1.0,916.4258391728631,1031.2031820423865,0.0001016855923454063,20.44419639611553
1476.0,759.5262602288745,0.00937772576421402,0.1756864780842949,1.0,916.3682595855977,1031.201317764255,0.00010181217813993052,20.469646853594508
1478.0,759.174887272706,0.009376922212905639,0.17572575681045274,1.0,916.3106351430766,1031.1994528562639,0.0001019387342830194,20.495091349562582
1480.0,758.8234357590851,0.009376118810345824,0.17576506100860187,1.0,916.2529657753734,1031.197587317709,0.00010206526077707058,20.520529884501805
1482.0,758.471905637068,0.009375315556778894,0.17580439072286544,1.0,916.1952514123933,1031.1957211478841,0.00010219175762447971,20.545962458893833
1484.0,758.1202968556222,0.0093745124524498,0.17584374599747551,1.0,916.1374919838679,1031.193854346081,0.00010231822482764037,20.571389073219894
1486.0,757.7686093636272,0.00937370949760408,0.17588312687676608,1.0,916.0796874193644,1031.1919869115911,0.0001024446623889441,20.59680972796082
1488.0,757.4168431098736,0.009372906692487882,0.17592253340517383,1.0,916.0218376482828,1031.1901188437032,0.00010257107031078037,20.62222442359703
1490.0,757.0649980430633,0.00937210403734798,0.17596196562724442,1.0,915.9639425998494,1031.1882501417049,0.00010269744859553662,20.647633160608507
1492.0,756.7130741118087,0.009371301532431757,0.17600142358762702,1.0,915.9060022031226,1031.186380804882,0.00010282379724559822,20.67303593947485
1494.0,756.3610712646334,0.0093704991779872,0.1760409073310743,1.0,915.8480163869932,1031.1845108325192,0.00010295011626334846,20.698432760675225
1496.0,756.0089894499713,0.009369696974262938,0.17608041690245063,1.0,915.7899850801741,1031.1826402238992,0.00010307640565116855,20.723823624688375
1498.0,755.6568286161664,0.0093688949215082,0.17611995234672112,1.0,915.7319082112134,1031.1807689783031,0.00010320266541143765,20.749208531992647
1500.0,755.304588711473,0.009368093019972847,0.17615951370896069,1.0,915.6737857084839,1031.178897095011,0.00010332889554653282,20.774587483065947
1502.0,754.9522696840551,0.009367291269907362,0.1761991010343498,1.0,915.6156175001862,1031.1770245733003,0.000103455096058829,20.79996047838577
1504.0,754.5998714819864,0.009366489671562866,0.17623871436817992,1.0,915.5574035143449,1031.1751514124478,0.00010358126695069909,20.825327518429194
1506.0,754.24739405325,0.009365688225191087,0.17627835375584439,1.0,915.4991436788171,1031.1732776117283,0.00010370740822451385,20.850688603672868
1508.0,753.8948373457383,0.009364886931044408,0.17631801924285098,1.0,915.4408379212775,1031.1714031704146,0.00010383351988264192,20.87604373459301
1510.0,753.5422013072526,0.009364085789375823,0.17635771087481114,1.0,915.382486169233,1031.1695280877789,0.00010395960192744987,20.901392911665432
1512.0,753.189485885503,0.009363284800438975,0.17639742869744612,1.0,915.3240883500118,1031.1676523630904,0.00010408565436130213,20.926736135365502
1514.0,752.8366910281081,0.009362483964488147,0.1764371727565895,1.0,915.2656443907646,1031.1657759956183,0.00010421167718656099,20.95207340616817
1516.0,752.4838166825949,0.00936168328177824,0.17647694309817796,1.0,915.2071542184705,1031.1638989846285,0.00010433767040558664,20.977404724547963
1518.0,752.1308627963986,0.009360882752564833,0.17651673976826646,1.0,915.1486177599232,1031.1620213293863,0.00010446363402073711,21.002730090978964
1520.0,751.777829316862,0.009360082377104098,0.17655656281300988,1.0,915.0900349417502,1031.1601430291553,0.0001045895680343683,21.02804950593484
1522.0,751.424716191236,0.009359282155652914,0.17659641227868578,1.0,915.0314056903858,1031.1582640831969,0.00010471547244883396,21.053362969888813
1524.0,751.0715233666787,0.009358482088468744,0.17663628821166902,1.0,914.9727299321024,1031.1563844907714,0.0001048413472664857,21.078670483313687
1526.0,750.7182507902553,0.009357682175809753,0.17667619065845722,1.0,914.9140075929781,1031.154504251137,0.00010496719248967295,21.103972046681815
1528.0,750.3648984089384,0.009356882417934734,0.17671611966565456,1.0,914.8552385989178,1031.1526233635507,0.00010509300812074297,21.129267660465125
1530.0,750.0114661696072,0.009356082815103129,0.17675607527997556,1.0,914.7964228756474,1031.1507418272677,0.00010521879416204089,21.154557325135116
1532.0,749.6579540190472,0.009355283367575044,0.1767960575482484,1.0,914.7375603487092,1031.148859641541,0.00010534455061590962,21.179841041162835
1534.0,749.3043619039507,0.009354484075611258,0.17683606651741748,1.0,914.67865094346,1031.1469768056227,0.00010547027748468992,21.20511880901889
1536.0,748.9506897709159,0.009353684939473186,0.17687610223453473,1.0,914.619694585081,1031.1450933187627,0.00010559597477072035,21.23039062917347
1538.0,748.5969375664469,0.009352885959422918,0.1769161647467675,1.0,914.560691198567,1031.1432091802094,0.00010572164247633727,21.255656502096297
1540.0,748.2431052369533,0.00935208713572321,0.17695625410139784,1.0,914.5016407087287,1031.1413243892093,0.00010584728060387484,21.280916428256667
1542.0,747.8891927287505,0.009351288468637486,0.17699637034582094,1.0,914.4425430401935,1031.1394389450077,0.00010597288915566504,21.306170408123425
1544.0,747.5351999880588,0.009350489958429834,0.1770365135275464,1.0,914.3833981174042,1031.1375528468477,0.0001060984681340376,21.331418442164978
1546.0,747.1811269610038,0.009349691605365015,0.17707668369419763,1.0,914.3242058646188,1031.1356660939707,0.00010622401754132006,21.356660530849283
1548.0,746.8269735936153,0.009348893409708469,0.1771168808935144,1.0,914.2649662059081,1031.1337786856168,0.00010634953737983774,21.381896674643844
1550.0,746.4727398318283,0.009348095371726308,0.17715710517335242,1.0,914.2056790651561,1031.131890621024,0.0001064750276519137,21.40712687401573
1552.0,746.1184256214816,0.009347297491685327,0.1771973565816819,1.0,914.1463443660609,1031.1300018994286,0.00010660048835986881,21.432351129431552
1554.0,745.7640309083182,0.009346499769853,0.17723763516659075,1.0,914.0869620321313,1031.1281125200653,0.00010672591950602165,21.457569441357478
1556.0,745.409555637985,0.00934570220649748,0.17727794097628177,1.0,914.0275319866896,1031.1262224821673,0.00010685132109268858,21.482781810259205
1558.0,745.0549997560324,0.009344904801887604,0.1773182740590741,1.0,913.9680541528694,1031.1243317849653,0.00010697669312218371,21.507988236602003
1560.0,744.7003632079143,0.009344107556292903,0.17735863446340647,1.0,913.9085284536128,1031.1224404276893,0.00010710203559681889,21.533188720850667
1562.0,744.3456459389874,0.00934331046998361,0.1773990222378375,1.0,913.848954811668,1031.1205484095665,0.00010722734851890367,21.55838326346955
1564.0,743.9908478945117,0.009342513543230624,0.17743943743103754,1.0,913.7893331496014,1031.118655729823,0.00010735263189074539,21.583571864922536
1566.0,743.6359690196497,0.00934171677630554,0.17747988009179683,1.0,913.7296633897846,1031.1167623876831,0.00010747788571464906,21.608754525673067
1568.0,743.281009259466,0.009340920169480684,0.17752035026903049,1.0,913.6699454543907,1031.1148683823692,0.00010760310999291742,21.633931246184112
1570.0,742.9259685589279,0.009340123723029049,0.17756084801176722,1.0,913.6101792654069,1031.1129737131018,0.00010772830472785093,21.65910202691818
1572.0,742.5708468629044,0.009339327437224341,0.1776013733691568,1.0,913.5503647446249,1031.1110783790998,0.00010785346992174774,21.68426686833733
1574.0,742.2156441161661,0.009338531312340964,0.17764192639046744,1.0,913.4905018136441,1031.1091823795803,0.0001079786055769037,21.70942577090314
1576.0,741.8603602633851,0.009337735348654041,0.17768250712509184,1.0,913.4305903938646,1031.1072857137585,0.00010810371169561237,21.73457873507675
1578.0,741.5049952491349,0.00933693954643939,0.1777231156225383,1.0,913.3706304064975,1031.1053883808481,0.00010822878828016497,21.7597257613188
1580.0,741.1495490178899,0.009336143905973544,0.17776375193243948,1.0,913.3106217725536,1031.1034903800605,0.0001083538353328504,21.784866850089493
1582.0,740.794021514025,0.00933534842753376,0.17780441610455008,1.0,913.2505644128472,1031.101591710606,0.00010847885285595525,21.810002001848552
1584.0,740.4384126818159,0.009334553111397999,0.17784510818874444,1.0,913.1904582479974,1031.0996923716923,0.00010860384085176375,21.835131217055228
1586.0,740.0827224654383,0.009333757957844939,0.1778858282350193,1.0,913.1303031984256,1031.0977923625258,0.00010872879932255782,21.860254496168302
1588.0,739.7269508089684,0.009332962967153998,0.17792657629349784,1.0,913.0700991843502,1031.0958916823108,0.000108853728270617,21.88537183964609
1590.0,739.3710976563814,0.009332168139605294,0.1779673524144213,1.0,913.0098461257969,1031.0939903302503,0.0001089786276982185,21.910483247946434
1592.0,739.0151629515525,0.00933137347547968,0.17800815664815625,1.0,912.9495439425884,1031.0920883055448,0.00010910349760763717,21.935588721526692
1594.0,738.6591466382562,0.009330578975058746,0.17804898904519617,1.0,912.889192554344,1031.0901856073933,0.00010922833800114547,21.96068826084375
1596.0,738.3030486601658,0.009329784638624798,0.17808984965615343,1.0,912.8287918804881,1031.088282234993,0.00010935314888101351,21.985781866354024
1598.0,737.9468689608535,0.009328990466460883,0.17813073853176867,1.0,912.768341840239,1031.086378187539,0.00010947793024950901,22.010869538513443
1600.0,737.59060748379,0.00932819645885079,0.17817165572290886,1.0,912.7078423526111,1031.0844734642249,0.00010960268210889732,22.035951277777468
1602.0,737.2342641723442,0.00932740261607903,0.1782126012805619,1.0,912.6472933364208,1031.082568064242,0.00010972740446144136,22.061027084601058
1604.0,736.877838969783,0.009326608938430871,0.1782535752558451,1.0,912.5866947102768,1031.0806619867801,0.0001098520973094017,22.086096959438713
1606.0,736.5213318192714,0.00932581542619231,0.17829457770000037,1.0,912.5260463925849,1031.078755231027,0.00010997676065503645,22.111160902744434
1608.0,736.1647426638714,0.009325022079650105,0.17833560866439793,1.0,912.4653483015446,1031.0768477961687,0.00011010139450060136,22.13621891497174
1610.0,735.8080714465426,0.00932422889909176,0.17837666820053602,1.0,912.4046003551476,1031.0749396813892,0.00011022599884834972,22.161270996573666
1612.0,735.4513181101415,0.009323435884805512,0.1784177563600355,1.0,912.3438024711854,1031.0730308858706,0.0001103505737005324,22.186317148002757
1614.0,735.0944825974215,0.009322643037080369,0.1784588731946497,1.0,912.2829545672366,1031.0711214087933,0.00011047511905939788,22.211357369711074
1616.0,734.7375648510322,0.009321850356206095,0.1785000187562599,1.0,912.222056560673,1031.0692112493357,0.00011059963492719215,22.236391662150183
1618.0,734.3805648135196,0.009321057842473205,0.17854119309687433,1.0,912.1611083686588,1031.0673004066741,0.00011072412130615878,22.261420025771155
1620.0,734.0234824273259,0.009320265496172982,0.1785823962686321,1.0,912.1001099081477,1031.065388879983,0.00011084857819853887,22.28644246102458
1622.0,733.6663176347887,0.009319473317597466,0.1786236283238004,1.0,912.0390610958854,1031.0634766684352,0.00011097300560657107,22.311458968360533
1624.0,733.3090703781411,0.009318681307039473,0.17866488931477853,1.0,911.9779618484037,1031.0615637712015,0.00011109740353249157,22.336469548228617
1626.0,732.9517405995115,0.009317889464792575,0.17870617929409394,1.0,911.9168120820261,1031.0596501874504,0.00011122177197853407,22.36147420107792
1628.0,732.5943282409233,0.009317097791151138,0.178747498314409,1.0,911.8556117128595,1031.0577359163492,0.00011134611094692981,22.38647292735704
1630.0,732.2368332442945,0.009316306286410272,0.1787888464285106,1.0,911.7943606568057,1031.0558209570622,0.00011147042043990753,22.41146572751407
1632.0,731.8792555514375,0.009315514950865895,0.17883022368932533,1.0,911.7330588295432,1031.053905308753,0.00011159470045969346,22.436452601996603
1634.0,731.5215951040589,0.009314723784814682,0.17887163014990526,1.0,911.6717061465446,1031.051988970582,0.00011171895100851138,22.461433551251737
1636.0,731.1638518437591,0.009313932788554101,0.17891306586343875,1.0,911.6103025230632,1031.0500719417087,0.0001118431720885825,22.48640857572605
1638.0,730.8060257120322,0.009313141962382407,0.17895453088324736,1.0,911.5488478741361,1031.04815422129,0.00011196736370212555,22.511377675865628
1640.0,730.4481166502658,0.009312351306598632,0.1789960252627828,1.0,911.487342114588,1031.046235808481,0.00011209152585135674,22.53634085211604
1642.0,730.0901245997402,0.009311560821502621,0.17903754905563724,1.0,911.425785159019,1031.044316702435,0.00011221565853848974,22.561298104922358
1644.0,729.7320495016289,0.009310770507394988,0.17907910231553012,1.0,911.3641769218193,1031.042396902303,0.00011233976176573568,22.586249434729137
1646.0,729.3738912969978,0.009309980364577156,0.1791206850963196,1.0,911.302517317156,1031.040476407234,0.00011246383553530316,22.61119484198042
1648.0,729.0156499268052,0.009309190393351345,0.17916229745199846,1.0,911.2408062589775,1031.0385552163757,0.00011258787984939822,22.636134327119738
1650.0,728.6573253319011,0.009308400594020575,0.179203939436695,1.0,911.1790436610125,1031.036633328873,0.00011271189471022435,22.661067890590108
1652.0,728.2989174530277,0.009307610966888678,0.17924561110467377,1.0,911.1172294367683,1031.0347107438688,0.00011283588011998247,22.68599553283403
1654.0,727.9404262308184,0.009306821512260283,0.17928731251033586,1.0,911.0553634995309,1031.0327874605046,0.00011295983608087092,22.71091725429349
1656.0,727.5818516057977,0.009306032230440835,0.17932904370822036,1.0,910.9934457623631,1031.0308634779194,0.00011308376259508548,22.735833055409962
1658.0,727.2231935183813,0.00930524312173659,0.17937080475300113,1.0,910.9314761381073,1031.0289387952503,0.00011320765966481934,22.760742936624386
1660.0,726.8644519088754,0.009304454186454628,0.1794125956994943,1.0,910.8694545393771,1031.0270134116324,0.00011333152729226308,22.78564689837718
1662.0,726.5056267174764,0.009303665424902833,0.1794544166026504,1.0,910.8073808785666,1031.025087326199,0.00011345536547960469,22.81054494110826
1664.0,726.1467178842711,0.00930287683738992,0.17949626751756073,1.0,910.7452550678414,1031.0231605380804,0.00011357917422902954,22.83543706525699
1666.0,725.787725349236,0.009302088424225438,0.1795381484994582,1.0,910.6830770191391,1031.0212330464062,0.00011370295354272041,22.86032327126223
1668.0,725.4286490522371,0.009301300185719738,0.17958005960371004,1.0,910.6208466441765,1031.0193048503031,0.00011382670342285744,22.8852035595623
1670.0,725.0694889330297,0.009300512122184022,0.1796220008858274,1.0,910.5585638544378,1031.0173759488955,0.00011395042387161815,22.910077930594998
1672.0,724.710244931258,0.00929972423393032,0.17966397240146292,1.0,910.4962285611791,1031.0154463413069,0.00011407411489117739,22.934946384797588
1674.0,724.3509169864551,0.009298936521271502,0.17970597420640969,1.0,910.433840675427,1031.0135160266573,0.00011419777648370741,22.959808922606804
1676.0,723.9915050380423,0.00929814898452127,0.17974800635660074,1.0,910.3714001079805,1031.0115850040659,0.00011432140865137778,22.984665544458846
1678.0,723.6320090253291,0.00929736162399417,0.1797900689081134,1.0,910.3089067694051,1031.0096532726484,0.00011444501139635542,23.00951625078938
1680.0,723.2724288875129,0.009296574440005588,0.17983216191716545,1.0,910.2463605700375,1031.00772083152,0.00011456858472080458,23.03436104203353
1682.0,722.9127645636786,0.009295787432871775,0.17987428544012118,1.0,910.1837614199777,1031.0057876797925,0.0001146921286268868,23.059199918625886
1684.0,722.5530159927984,0.009295000602909817,0.179916439533486,1.0,910.1211092290953,1031.0038538165763,0.00011481564311676101,23.084032881000503
1686.0,722.1931831137314,0.00929421395043766,0.17995862425390924,1.0,910.058403907026,1031.0019192409793,0.00011493912819258338,23.108859929590896
1688.0,721.8332658652236,0.009293427475774106,0.18000083965818606,1.0,909.9956453631696,1030.9999839521076,0.00011506258385650744,23.13368106483002
1690.0,721.4732641859072,0.009292641179238817,0.1800430858032559,1.0,909.9328335066909,1030.9980479490653,0.00011518601011068397,23.158496287150314
1692.0,721.1131780143006,0.009291855061152321,0.18008536274620435,1.0,909.8699682465171,1030.9961112309536,0.00011530940695726105,23.183305596983647
1694.0,720.7530072888082,0.009291069121836004,0.18012767054426176,1.0,909.8070494913397,1030.9941737968718,0.00011543277439838404,23.208108994761353
1696.0,720.3927519477197,0.009290283361612134,0.18017000925480675,1.0,909.744077149611,1030.992235645918,0.00011555611243619557,23.23290648091421
1698.0,720.0324119292101,0.009289497780803839,0.18021237893536377,1.0,909.6810511295446,1030.9902967771873,0.00011567942107283554,23.257698055872456
1700.0,719.6719871713393,0.009288712379735133,0.18025477964360598,1.0,909.6179713391131,1030.9883571897724,0.0001158027003104411,23.28248372006577
1702.0,719.311477612052,0.009287927158730901,0.180297211437353,1.0,909.5548376860507,1030.9864168827644,0.00011592595015114663,23.307263473923275
1704.0,718.9508831891774,0.009287142118116912,0.18033967437457354,1.0,909.4916500778495,1030.984475855252,0.00011604917059708378,23.332037317873546
1706.0,718.5902038404282,0.009286357258219819,0.18038216851338545,1.0,909.428408421759,1030.9825341063217,0.00011617236165038142,23.3568052523446
1708.0,718.2294395034014,0.00928557257936717,0.1804246939120569,1.0,909.3651126247842,1030.9805916350579,0.00011629552331316564,23.381567277763892
1710.0,717.8685901155773,0.00928478808188738,0.180467250629002,1.0,909.301762593692,1030.9786484405429,0.00011641865558755974,23.40632339455832
1712.0,717.5076556143192,0.009284003766109803,0.18050983872279455,1.0,909.2383582349928,1030.9767045218564,0.00011654175847568424,23.43107360315422
1714.0,717.1466359368736,0.009283219632364649,0.1805524582521497,1.0,909.1748994549635,1030.9747598780764,0.00011666483197965686,23.455817903977362
1716.0,716.7855310203694,0.009282435680983045,0.18059510927593775,1.0,909.1113861596293,1030.9728145082781,0.0001167878761015925,23.48055629745296
1718.0,716.4243408018175,0.009281651912297021,0.18063779185318288,1.0,909.0478182547668,1030.970868411535,0.00011691089084360323,23.50528878400565
1720.0,716.0630652181111,0.009280868326639513,0.18068050604305827,1.0,908.984195645908,1030.968921586918,0.00011703387620779835,23.530015364059505
1722.0,715.7017042060249,0.009280084924344376,0.18072325190489455,1.0,908.9205182383312,1030.9669740334962,0.00011715683219628428,23.55473603803804
1724.0,715.3402577022151,0.009279301705746364,0.18076602949817247,1.0,908.8567859370687,1030.965025750336,0.00011727975881116462,23.579450806364182
1726.0,714.9787256432188,0.009278518671181155,0.18080883888252663,1.0,908.7929986469018,1030.9630767365015,0.00011740265605454009,23.60415966946029
1728.0,714.6171079654538,0.009277735820985353,0.18085168011775038,1.0,908.729156272356,1030.9611269910552,0.0001175255239285086,23.628862627748155
1730.0,714.2554046052182,0.00927695315549648,0.18089455326378823,1.0,908.665258717709,1030.9591765130565,0.00011764836243516515,23.653559681648986
1732.0,713.8936154986907,0.009276170675052983,0.1809374583807426,1.0,908.6013058869819,1030.9572253015633,0.0001177711715766019,23.678250831583412
1734.0,713.5317405819292,0.009275388379994236,0.18098039552886971,1.0,908.5372976839444,1030.9552733556304,0.00011789395135490812,23.702936077971486
1736.0,713.1697797908714,0.009274606270660565,0.1810233647685865,1.0,908.4732340121068,1030.953320674311,0.00011801670177217016,23.72761542123268
1738.0,712.8077330613343,0.009273824347393211,0.18106636616046368,1.0,908.4091147747273,1030.9513672566559,0.00011813942283047152,23.752288861785892
1740.0,712.4456003290134,0.009273042610534365,0.18110939976523027,1.0,908.3449398748063,1030.9494131017132,0.00011826211453189276,23.77695640004941
1742.0,712.083381529483,0.00927226106042717,0.1811524656437772,1.0,908.2807092150817,1030.9474582085286,0.00011838477687851152,23.80161803644097
1744.0,711.7210765981954,0.009271479697415699,0.18119556385714936,1.0,908.2164226980402,1030.9455025761465,0.00011850740987240256,23.826273771377693
1746.0,711.3586854704811,0.009270698521844983,0.1812386944665531,1.0,908.1520802259041,1030.9435462036079,0.00011863001351563765,23.85092360527612
1748.0,710.9962080815479,0.009269917534061017,0.18128185753335777,1.0,908.0876817006333,1030.941589089952,0.00011875258781028564,23.8755675385522
1750.0,710.6336443664812,0.009269136734410743,0.18132505311908953,1.0,908.0232270239295,1030.9396312342153,0.00011887513275841245,23.900205571621292
1752.0,710.270994260243,0.009268356123242064,0.1813682812854366,1.0,907.9587160972314,1030.9376726354321,0.00011899764836208102,23.924837704898156
1754.0,709.9082576976722,0.009267575700903852,0.1814115420942502,1.0,907.8941488217129,1030.935713292635,0.00011912013462335134,23.94946393879696
1756.0,709.5454346134837,0.00926679546774594,0.18145483560754078,1.0,907.8295250982859,1030.9337532048528,0.00011924259154428039,23.974084273731265
1758.0,709.1825249422686,0.009266015424119147,0.1814981618874861,1.0,907.7648448275935,1030.9317923711135,0.00011936501912692221,23.998698710114038
1760.0,708.8195286184937,0.00926523557037525,0.18154152099642398,1.0,907.7001079100147,1030.9298307904414,0.00011948741737332781,24.023307248357654
1762.0,708.4564455765009,0.009264455906867019,0.18158491299685772,1.0,907.6353142456609,1030.9278684618594,0.00011960978628554523,24.047909888873864
1764.0,708.0932757505071,0.009263676433948194,0.18162833795145353,1.0,907.5704637343761,1030.9259053843873,0.00011973212586561948,24.07250663207383
1766.0,707.7300190746042,0.009262897151973508,0.18167179592304394,1.0,907.5055562757346,1030.923941557043,0.00011985443611559254,24.09709747836809
1768.0,707.3666754827582,0.009262118061298683,0.18171528697462722,1.0,907.4405917690402,1030.9219769788417,0.00011997671703750339,24.1216824281666
1770.0,707.0032449088089,0.009261339162280438,0.18175881116936898,1.0,907.3755701133243,1030.9200116487964,0.00012009896863338796,24.146261481878685
1772.0,706.6397272864702,0.009260560455276465,0.18180236857059565,1.0,907.3104912073541,1030.9180455659175,0.00012022119090527913,24.170834639913057
1774.0,706.2761225493291,0.009259781940645502,0.18184595924181138,1.0,907.2453549496098,1030.9160787292128,0.00012034338385520672,24.195401902677823
1776.0,705.9124306308455,0.009259003618747244,0.18188958324667803,1.0,907.1801612383119,1030.914111137688,0.0001204655474851975,24.219963270580465
1778.0,705.5486514643521,0.009258225489942432,0.18193324064903493,1.0,907.1149099713947,1030.9121427903465,0.00012058768179727515,24.24451874402786
1780.0,705.1847849830541,0.009257447554592785,0.1819769315128822,1.0,907.0496010465258,1030.9101736861883,0.00012070978679346028,24.26906832342625
1782.0,704.8208311200283,0.009256669813061056,0.18202065590239477,1.0,906.9842343610912,1030.9082038242123,0.00012083186247577043,24.293612009181267
1784.0,704.4567898082234,0.009255892265711016,0.1820644138819171,1.0,906.9188098121986,1030.9062332034136,0.00012095390884622,24.318149801697913
1786.0,704.0926609804596,0.009255114912907461,0.18210820551596582,1.0,906.8533272966766,1030.904261822786,0.00012107592590682028,24.34268170138057
1788.0,703.7284445694277,0.009254337755016202,0.1821520308692251,1.0,906.7877867110776,1030.9022896813199,0.00012119791365957948,24.36720770863299
1790.0,703.3641405076892,0.009253560792404093,0.18219589000655584,1.0,906.7221879516688,1030.9003167780038,0.00012131987210650266,24.391727823858293
1792.0,702.9997487276761,0.009252784025439009,0.18223978299298724,1.0,906.6565309144397,1030.8983431118231,0.00012144180124959173,24.416242047458976
1794.0,702.6352691616901,0.00925200745448987,0.1822837098937249,1.0,906.5908154950939,1030.8963686817615,0.00012156370109084547,24.440750379836892
1796.0,702.2707017419026,0.009251231079926656,0.18232767077415016,1.0,906.5250415890484,1030.8943934867991,0.0001216855716322595,24.465252821393275
1798.0,701.9060464003543,0.009250454902120349,0.1823716656998121,1.0,906.4592090914444,1030.8924175259147,0.00012180741287582628,24.48974937252871
1800.0,701.5413030689547,0.009249678921443022,0.18241569473644187,1.0,906.3933178971278,1030.8904407980833,0.00012192922482353509,24.514240033643148
1802.0,701.1764716794818,0.009248903138267782,0.18245975794994332,1.0,906.3273679006616,1030.8884633022785,0.00012205100747737202,24.538724805135896
1804.0,700.8115521635818,0.009248127552968794,0.1825038554063964,1.0,906.2613589963213,1030.8864850374707,0.00012217276083931997,24.56320368740563
1806.0,700.446544452769,0.009247352165921287,0.1825479871720589,1.0,906.1952910780923,1030.8845060026279,0.00012229448491135863,24.587676680850368
1808.0,700.0814484784248,0.009246576977501553,0.18259215331336534,1.0,906.1291640396707,1030.8825261967154,0.0001224161796954645,24.61214378586749
1810.0,699.7162641717981,0.009245801988086963,0.18263635389693123,1.0,906.0629777744585,1030.880545618696,0.00012253784519361085,24.636605002853727
1812.0,699.3509914640042,0.009245027198055944,0.18268058898954684,1.0,905.9967321755701,1030.8785642675298,0.00012265948140776771,24.661060332205164
1814.0,698.9856302860251,0.009244252607788016,0.18272485865818602,1.0,905.9304271358221,1030.8765821421748,0.00012278108833990186,24.685509774317225
1816.0,698.6201805687087,0.009243478217663772,0.18276916297000023,1.0,905.8640625477403,1030.874599241586,0.00012290266599197683,24.709953329584685
1818.0,698.2546422427688,0.00924270402806489,0.1828135019923221,1.0,905.7976383035532,1030.8726155647155,0.00012302421436595292,24.73439099840167
1820.0,697.8890152387842,0.009241930039374137,0.18285787579266558,1.0,905.7311542951941,1030.8706311105132,0.00012314573346378714,24.758822781161633
1822.0,697.5232994871989,0.00924115625197538,0.1829022844387279,1.0,905.664610414297,1030.8686458779262,0.0001232672232874332,24.78324867825739
1824.0,697.1574949183214,0.009240382666253577,0.18294672799838846,1.0,905.5980065521984,1030.8666598658992,0.00012338868383884156,24.80766869008107
1826.0,696.7916014623246,0.00923960928259479,0.1829912065397103,1.0,905.5313425999339,1030.864673073374,0.00012351011511995932,24.83208281702415
1828.0,696.4256190492451,0.009238836101386183,0.18303572013093797,1.0,905.4646184482419,1030.8626854992897,0.00012363151713273032,24.856491059477452
1830.0,696.0595476089833,0.009238063123016034,0.18308026884050432,1.0,905.3978339875541,1030.8606971425827,0.00012375288987909506,24.88089341783111
1832.0,695.6933870713023,0.009237290347873735,0.18312485273702586,1.0,905.3309891080019,1030.8587080021873,0.00012387423336099071,24.905289892474606
1834.0,695.3271373658282,0.009236517776349795,0.18316947188930494,1.0,905.2640836994121,1030.8567180770344,0.00012399554758035113,24.929680483796737
1836.0,694.9607984220496,0.009235745408835845,0.18321412636633141,1.0,905.1971176513055,1030.8547273660524,0.0001241168325391068,24.954065192185638
1838.0,694.5943701693169,0.009234973245724646,0.18325881623728232,1.0,905.1300908528965,1030.8527358681672,0.00012423808823918482,24.978444018028764
1840.0,694.2278525368423,0.00923420128741008,0.18330354157152048,1.0,905.0630031930954,1030.850743582302,0.00012435931468250897,25.002816961712888
1842.0,693.8612454536992,0.009233429534287178,0.18334830243860128,1.0,904.9958545604983,1030.8487505073767,0.0001244805118709996,25.02718402362411
1844.0,693.494548848822,0.009232657986752105,0.18339309890826752,1.0,904.9286448433943,1030.8467566423094,0.00012460167980657373,25.05154520414784
1846.0,693.1277626510055,0.00923188664520216,0.18343793105045003,1.0,904.861373929764,1030.8447619860146,0.00012472281849114489,25.075900503668812
1848.0,692.7608867889046,0.009231115510035807,0.18348279893527375,1.0,904.794041707272,1030.8427665374047,0.00012484392792662326,25.100249922571074
1850.0,692.393921191034,0.009230344581652653,0.1835277026330542,1.0,904.7266480632707,1030.8407702953891,0.0001249650081149156,25.124593461237975
1852.0,692.0268657857679,0.009229573860453462,0.1835726422142973,1.0,904.6591928847996,1030.8387732588742,0.00012508605905792522,25.148931120052186
1854.0,691.6597205013393,0.009228803346840151,0.18361761774970117,1.0,904.5916760585842,1030.8367754267638,0.00012520708075755197,25.17326289939568
1856.0,691.2924852658399,0.009228033041215833,0.18366262931016317,1.0,904.524097471026,1030.8347767979592,0.0001253280732156923,25.197588799649743
1858.0,690.9251600072196,0.009227262943984757,0.1837076769667688,1.0,904.4564570082161,1030.8327773713586,0.00012544903643423914,25.221908821194962
1860.0,690.557744653286,0.009226493055552355,0.18375276079079847,1.0,904.388754555926,1030.830777145857,0.000125569970415082,25.246222964411206
1862.0,690.1902391317044,0.009225723376325252,0.18379788085373222,1.0,904.320989999603,1030.8287761203476,0.00012569087516010684,25.27053122967768
1864.0,689.822643369997,0.009224953906711252,0.18384303722724551,1.0,904.2531632243731,1030.8267742937198,0.00012581175067119616,25.29483361737285
1866.0,689.4549572955425,0.00922418464711933,0.18388822998320645,1.0,904.1852741150461,1030.8247716648611,0.00012593259695022898,25.319130127874494
1868.0,689.0871808355761,0.009223415597959674,0.1839334591936851,1.0,904.1173225561014,1030.8227682326549,0.00012605341399908075,25.343420761559692
1870.0,688.7193139171887,0.009222646759643658,0.1839787249309492,1.0,904.0493084316959,1030.8207639959833,0.00012617420181962343,25.367705518804804
1872.0,688.3513564673268,0.009221878132583865,0.18402402726746556,1.0,903.9812316256592,1030.818758953724,0.00012629496041372543,25.391984399985475
1874.0,687.9833084127919,0.009221109717194078,0.18406936627589884,1.0,903.9130920214965,1030.8167531047527,0.0001264156897832516,25.41625740547663
1876.0,687.6151696802401,0.009220341513889299,0.18411474202911912,1.0,903.8448895023787,1030.8147464479428,0.0001265363899300632,25.440524535652507
1878.0,687.2469401961819,0.009219573523085734,0.18416015460019164,1.0,903.7766239511535,1030.812738982163,0.00012665706085601802,25.464785790886594
1880.0,686.8786198869815,0.009218805745200818,0.1842056040623874,1.0,903.7082952503341,1030.810730706281,0.00012677770256297019,25.48904117155168
1882.0,686.5102086788567,0.009218038180653207,0.18425109048917968,1.0,903.6399032821009,1030.8087216191602,0.00012689831505277024,25.513290678019825
1884.0,686.1417064978783,0.009217270829862793,0.18429661395424501,1.0,903.571447928302,1030.8067117196622,0.00012701889832726515,25.53753431066236
1886.0,685.7731132699698,0.009216503693250697,0.1843421745314659,1.0,903.5029290704479,1030.8047010066446,0.00012713945238829823,25.56177206984989
1888.0,685.4044289209069,0.00921573677123928,0.18438777229492634,1.0,903.4343465897178,1030.8026894789627,0.0001272599772377092,25.586003955952304
1890.0,685.035653376317,0.009214970064252148,0.184433407318919,1.0,903.3657003669501,1030.8006771354692,0.0001273804728773341,25.610229969338732
1892.0,684.6667865616791,0.009214203572714155,0.1844790796779414,1.0,903.2969902826463,1030.798663975013,0.00012750093930900537,25.634450110377603
1894.0,684.2978284023233,0.009213437297051406,0.1845247894466996,1.0,903.2282162169665,1030.7966499964405,0.00012762137653455176,25.658664379436587
1896.0,683.9287788234299,0.009212671237691275,0.18457053670010723,1.0,903.1593780497302,1030.7946351985947,0.00012774178455579837,25.682872776882625
1898.0,683.5596377500297,0.00921190539506239,0.18461632151328686,1.0,903.0904756604148,1030.7926195803166,0.00012786216337456658,25.70707530308191
1900.0,683.1904051070031,0.009211139769594642,0.18466214396156871,1.0,903.0215089281556,1030.790603140443,0.00012798251299267412,25.731271958399905
1902.0,682.82108081908,0.009210374361719221,0.18470800412049881,1.0,902.9524777317366,1030.7885858778084,0.00012810283341193498,25.755462743201317
1904.0,682.4516648108389,0.009209609171868555,0.18475390206582598,1.0,902.883381949606,1030.7865677912444,0.00012822312463415945,25.779647657850113
1906.0,682.0821570067072,0.009208844200476386,0.18479983787351736,1.0,902.8142214598553,1030.7845488795786,0.00012834338666115408,25.803826702709504
1908.0,681.7125573309602,0.00920807944797774,0.18484581161975114,1.0,902.7449961402302,1030.7825291416368,0.00012846361949472168,25.82799987814195
1910.0,681.3428657077206,0.009207314914808935,0.18489182338092036,1.0,902.6757058681243,1030.7805085762411,0.00012858382313666133,25.852167184509156
1912.0,680.9730820609589,0.009206550601407577,0.18493787323362837,1.0,902.6063505205838,1030.7784871822105,0.00012870399758876832,25.87632862217208
1914.0,680.6032063144916,0.009205786508212577,0.18498396125469518,1.0,902.5369299743004,1030.7764649583612,0.0001288241428528342,25.900484191490914
1916.0,680.2332383919821,0.00920502263566418,0.18503008752116143,1.0,902.4674441056056,1030.7744419035062,0.00012894425893064668,25.924633892825078
1918.0,679.8631782169398,0.009204258984203902,0.1850762521102757,1.0,902.3978927904861,1030.7724180164553,0.0001290643458239897,25.948777726533244
1920.0,679.4930257127193,0.009203495554274613,0.18512245509951036,1.0,902.3282759045633,1030.770393296015,0.00012918440353464338,25.972915692973313
1922.0,679.1227808025202,0.009202732346320493,0.1851686965665543,1.0,902.2585933231027,1030.7683677409893,0.00012930443206438403,25.997047792502414
1924.0,678.7524434093871,0.009201969360787052,0.18521497658931615,1.0,902.1888449210097,1030.766341350179,0.0001294244314149841,26.021174025476906
1926.0,678.3820134562085,0.009201206598121127,0.18526129524592155,1.0,902.1190305728315,1030.764314122381,0.00012954440158821227,26.045294392252384
1928.0,678.0114908657166,0.009200444058770916,0.18530765261472157,1.0,902.0491501527472,1030.7622860563897,0.00012966434258583325,26.069408893183642
1930.0,677.6408755604872,0.009199681743185941,0.18535404877428513,1.0,901.9792035345763,1030.760257150996,0.0001297842544096079,26.093517528624723
1932.0,677.2701674629386,0.009198919651817078,0.18540048380340354,1.0,901.9091905917741,1030.7582274049885,0.0001299041370612933,26.117620298928873
1934.0,676.8993664953318,0.009198157785116571,0.18544695778109388,1.0,901.8391111974244,1030.7561968171512,0.0001300239905426425,26.14171720444857
1936.0,676.5284725797696,0.009197396143538,0.1854934707865928,1.0,901.7689652242499,1030.7541653862663,0.00013014381485540477,26.165808245535494
1938.0,676.1574856381965,0.009196634727536346,0.1855400228993689,1.0,901.6987525445938,1030.7521331111116,0.00013026361000132534,26.189893422540532
1940.0,675.7864055923977,0.009195873537567926,0.18558661419910816,1.0,901.6284730304401,1030.7500999904626,0.00013038337598214557,26.213972735813794
1942.0,675.4152323639995,0.009195112574090463,0.18563324476572984,1.0,901.5581265533912,1030.7480660230913,0.00013050311279960285,26.238046185704583
1944.0,675.0439658744681,0.009194351837563043,0.18567991467937614,1.0,901.487712984681,1030.746031207766,0.00013062282045543064,26.262113772561424
1946.0,674.6726060451093,0.009193591328446141,0.18572662402041842,1.0,901.417232195168,1030.7439955432526,0.00013074249895135844,26.28617549673202
1948.0,674.3011527970684,0.00919283104720164,0.1857733728694594,1.0,901.3466840553306,1030.741959028313,0.0001308621482891117,26.310231358563307
1950.0,673.9296060513295,0.009192070994292813,0.18582016130732965,1.0,901.2760684352717,1030.739921661706,0.00013098176847041196,26.33428135840138
1952.0,673.5579657287149,0.009191311170184333,0.18586698941509042,1.0,901.2053852047154,1030.7378834421875,0.0001311013594969767,26.35832549659155
1954.0,673.1862317498847,0.00919055157534229,0.18591385727403584,1.0,901.134634233003,1030.7358443685098,0.00013122092137051938,26.382363773478325
1956.0,672.8144040353366,0.00918979221023419,0.1859607649656925,1.0,901.0638153890933,1030.733804439422,0.00013134045409274946,26.406396189405378
1958.0,672.4424825054052,0.00918903307532895,0.18600771257181742,1.0,900.992928541565,1030.7317636536698,0.0001314599576653723,26.430422744715592
1960.0,672.0704670802616,0.009188274171096937,0.1860547001744085,1.0,900.9219735586032,1030.7297220099956,0.00013157943209008924,26.454443439751024
1962.0,671.6983576799128,0.009187515498009922,0.18610172785569093,1.0,900.8509503080161,1030.7276795071384,0.00013169887736859756,26.478458274852912
1964.0,671.3261542242013,0.009186757056541137,0.18614879569813203,1.0,900.7798586572155,1030.725636143834,0.0001318182935025904,26.502467250361672
1966.0,670.953856632805,0.009185998847165248,0.1861959037844337,1.0,900.7086984732266,1030.7235919188147,0.00013193768049375688,26.5264703666169
1968.0,670.5814648252361,0.00918524087035837,0.18624305219753398,1.0,900.6374696226853,1030.7215468308095,0.00013205703834378194,26.55046762395737
1970.0,670.2089787208411,0.009184483126598076,0.18629024102061292,1.0,900.5661719718302,1030.719500878544,0.0001321763670543464,26.574459022721005
1972.0,669.8363982387998,0.009183725616363407,0.18633747033708914,1.0,900.4948053865072,1030.7174540607407,0.00013229566662712703,26.59844456324493
1974.0,669.4637232981256,0.009182968340134864,0.18638474023062163,1.0,900.4233697321661,1030.715406376118,0.00013241493706379632,26.622424245865396
1976.0,669.0909538176644,0.009182211298394414,0.18643205078510772,1.0,900.351864873863,1030.713357823391,0.00013253417836602268,26.646398070917854
1978.0,668.7180897160941,0.009181454491625532,0.18647940208469496,1.0,900.2802906762456,1030.7113084012728,0.00013265339053547033,26.670366038736894
1980.0,668.3451309119248,0.009180697920313145,0.18652679421376697,1.0,900.2086470035696,1030.709258108471,0.00013277257357379926,26.694328149656265
1982.0,667.9720773234973,0.009179941584943693,0.18657422725695508,1.0,900.1369337196838,1030.7072069436906,0.00013289172748266533,26.71828440400888
1984.0,667.5989288689833,0.009179185486005098,0.18662170129913305,1.0,900.0651506880375,1030.7051549056334,0.0001330108522637201,26.742234802126784
1986.0,667.225685466385,0.009178429623986803,0.18666921642542517,1.0,899.9932977716684,1030.7031019929977,0.00013312994791861096,26.766179344341207
1988.0,666.8523470335342,0.009177673999379745,0.18671677272119852,1.0,899.9213748332126,1030.7010482044777,0.00013324901444898102,26.790118030982484
1990.0,666.4789134880918,0.00917691861267639,0.18676437027207185,1.0,899.8493817348937,1030.698993538765,0.00013336805185646915,26.814050862380125
1992.0,666.1053847475478,0.009176163464370715,0.18681200916390978,1.0,899.7773183385276,1030.6969379945467,0.00013348706014270994,26.837977838862763
1994.0,665.7317607292199,0.00917540855495822,0.1868596894828271,1.0,899.7051845055196,1030.6948815705073,0.00013360603930933368,26.86189896075818
1996.0,665.3580413502542,0.009174653884935964,0.18690741131519367,1.0,899.6329800968555,1030.692824265327,0.0001337249893579664,26.885814228393283
1998.0,664.9842265276238,0.009173899454802521,0.18695517474762588,1.0,899.5607049731124,1030.6907660776828,0.00013384391029022978,26.90972364209413
2000.0,664.6103161781285,0.009173145265058023,0.18700297986699518,1.0,899.4883589944485,1030.6887070062483,0.00013396280210774118,26.93362720218589
2002.0,664.2363102183946,0.009172391316204155,0.18705082676042778,1.0,899.4159420206018,1030.686647049693,0.00013408166481211362,26.95752490899286
2004.0,663.8622085648738,0.009171637608744156,0.18709871551530244,1.0,899.3434539108938,1030.6845862066832,0.00013420049840495577,26.981416762838467
2006.0,663.4880111338432,0.009170884143182838,0.18714664621925667,1.0,899.2708945242199,1030.6825244758816,0.00013431930288787191,27.00530276404527
2008.0,663.1137178414047,0.009170130920026578,0.1871946189601816,1.0,899.1982637190563,1030.6804618559472,0.00013443807826246196,27.029182912934925
2010.0,662.7393286034843,0.009169377939783339,0.1872426338262284,1.0,899.1255613534511,1030.6783983455352,0.0001345568245303214,27.053057209828214
2012.0,662.3648433358319,0.009168625202962652,0.18729069090580325,1.0,899.0527872850307,1030.6763339432978,0.0001346755416930414,27.07692565504504
2014.0,661.9902619540203,0.009167872710075674,0.1873387902875803,1.0,898.9799413709821,1030.6742686478824,0.00013479422975220856,27.100788248904408
2016.0,661.6155843734451,0.00916712046163512,0.18738693206048423,1.0,898.9070234680759,1030.6722024579337,0.00013491288870940514,27.124644991724423
2018.0,661.2408105093242,0.00916636845815534,0.18743511631370968,1.0,898.8340334326393,1030.6701353720925,0.00013503151856620888,27.148495883822292
2020.0,660.8659402766967,0.009165616700152274,0.18748334313670878,1.0,898.7609711205739,1030.6680673889957,0.0001351501193241931,27.172340925514355
2022.0,660.4909735904233,0.009164865188143497,0.18753161261920015,1.0,898.6878363873415,1030.6659985072765,0.00013526869098492663,27.196180117116004
2024.0,660.115910365185,0.00916411392264819,0.18757992485116548,1.0,898.6146290879695,1030.6639287255646,0.00013538723354997376,27.220013458941768
2026.0,659.7407505154827,0.009163362904187183,0.18762827992285472,1.0,898.5413490770437,1030.6618580424858,0.0001355057470208943,27.24384095130523
2028.0,659.3654939556369,0.009162612133282934,0.18767667792478235,1.0,898.467996208712,1030.6597864566625,0.00013562423139924348,27.267662594519095
2030.0,658.9901405997873,0.009161861610459548,0.18772511894773186,1.0,898.3945703366784,1030.6577139667124,0.00013574268668657208,27.291478388895136
2032.0,658.6146903618918,0.009161111336242787,0.1877736030827572,1.0,898.3210713142015,1030.6556405712504,0.00013586111288442623,27.31528833474421
2034.0,658.2391431557263,0.009160361311160064,0.18782213042118004,1.0,898.2474989940966,1030.6535662688873,0.00013597950999434753,27.339092432376265
2036.0,657.863498894884,0.009159611535740441,0.18787070105459083,1.0,898.1738532287343,1030.6514910582298,0.000136097878017873,27.36289068210032
2038.0,657.4877574927748,0.009158862010514695,0.18791931507485993,1.0,898.1001338700256,1030.6494149378814,0.00013621621695653497,27.38668308422446
2040.0,657.1119188626251,0.00915811273601524,0.18796797257412284,1.0,898.0263407694412,1030.6473379064412,0.00013633452681186128,27.41046963905586
2042.0,656.7359829174768,0.009157363712776208,0.18801667364479596,1.0,897.9524737779893,1030.6452599625045,0.00013645280758537503,27.43425034690074
2044.0,656.3599495701873,0.00915661494133339,0.1880654183795641,1.0,897.8785327462333,1030.6431811046632,0.00013657105927859472,27.458025208064402
2046.0,655.9838187334282,0.009155866422224313,0.1881142068713959,1.0,897.8045175242689,1030.6411013315048,0.00013668928189303418,27.481794222851196
2048.0,655.6075903196854,0.009155118155988183,0.18816303921353147,1.0,897.7304279617422,1030.6390206416133,0.00013680747543020252,27.505557391564555
2050.0,655.2312642412584,0.00915437014316593,0.18821191549949248,1.0,897.6562639078343,1030.6369390335685,0.0001369256398916042,27.529314714506935
2052.0,654.8548404102594,0.009153622384300219,0.18826083582308098,1.0,897.5820252112635,1030.6348565059463,0.00013704377527873896,27.553066191979873
2054.0,654.4783187386132,0.009152874879935415,0.18830980027837718,1.0,897.5077117202873,1030.6327730573191,0.00013716188159310178,27.576811824283936
2056.0,654.1016991380565,0.009152127630617648,0.1883588089597467,1.0,897.4333232826926,1030.6306886862549,0.00013727995883618295,27.60055161171875
2058.0,653.724981520137,0.009151380636894774,0.18840786196183593,1.0,897.3588597458012,1030.6286033913177,0.00013739800700946793,27.62428555458298
2060.0,653.3481657962134,0.00915063389931639,0.18845695937957296,1.0,897.2843209564682,1030.626517171068,0.00013751602611443745,27.64801365317432
2062.0,652.9712518774543,0.009149887418433884,0.18850610130817844,1.0,897.2097067610674,1030.6244300240617,0.00013763401615256746,27.671735907789518
2064.0,652.5942396748379,0.009149141194800378,0.18855528784315287,1.0,897.1350170055081,1030.6223419488513,0.00013775197712532906,27.695452318724346
2066.0,652.2171290991516,0.00914839522897078,0.18860451908028716,1.0,897.0602515352194,1030.6202529439852,0.00013786990903418854,27.7191628862736
2068.0,651.8399200609911,0.009147649521501778,0.18865379511566077,1.0,896.9854101951532,1030.6181630080068,0.00013798781188060737,27.74286761073112
2070.0,651.4626124707597,0.009146904072951838,0.18870311604564144,1.0,896.9104928297844,1030.616072139457,0.00013810568566604217,27.76656649238976
2072.0,651.0852062386684,0.009146158883881232,0.18875248196688957,1.0,896.8354992831037,1030.6139803368715,0.00013822353039194465,27.790259531541395
2074.0,650.7077012747346,0.009145413954852032,0.1888018929763589,1.0,896.7604293986169,1030.6118875987822,0.00013834134605976163,27.813946728476907
2076.0,650.3300974887819,0.009144669286428122,0.18885134917129434,1.0,896.6852830193478,1030.6097939237172,0.00013845913267093507,27.83762808348621
2078.0,649.9523947904394,0.009143924879175192,0.18890085064923598,1.0,896.6100599878312,1030.6076993102004,0.00013857689022690197,27.861303596858217
2080.0,649.5745930891409,0.009143180733660768,0.18895039750801765,1.0,896.5347601461148,1030.6056037567512,0.00013869461872909443,27.88497326888085
2082.0,649.1966922941249,0.009142436850454209,0.18899998984577437,1.0,896.4593833357499,1030.6035072618854,0.00013881231817893956,27.908637099841037
2084.0,648.8186923144333,0.00914169323012672,0.1890496277609378,1.0,896.3839293977956,1030.601409824114,0.0001389299885778595,27.932295090024713
2086.0,648.4405930589114,0.009140949873251338,0.18909931135223523,1.0,896.308398172821,1030.5993114419443,0.00013904762992727142,27.955947239716792
2088.0,648.062394436207,0.009140206780402971,0.18914904071869898,1.0,896.2327895008905,1030.5972121138798,0.00013916524222858746,27.979593549201194
2090.0,647.6840963547696,0.009139463952158394,0.18919881595966248,1.0,896.1571032215705,1030.5951118384187,0.00013928282548321478,28.003234018760832
2092.0,647.3056987228503,0.009138721389096237,0.18924863717475846,1.0,896.0813391739304,1030.593010614056,0.00013940037969255545,28.0268686486776
2094.0,646.9272014485007,0.009137979091797028,0.18929850446392732,1.0,896.0054971965305,1030.5909084392822,0.00013951790485800653,28.050497439232373
2096.0,646.5486044395728,0.009137237060843177,0.18934841792741408,1.0,895.9295771274271,1030.5888053125832,0.00013963540098095996,28.07412039070501
2098.0,646.169907603718,0.009136495296818993,0.18939837766577006,1.0,895.8535788041681,1030.5867012324409,0.00013975286806280264,28.097737503374354
2100.0,645.7911108483864,0.009135753800310684,0.18944838377985387,1.0,895.7775020637922,1030.5845961973328,0.00013987030610491632,28.121348777518207
2102.0,645.4122140808267,0.009135012571906376,0.1894984363708331,1.0,895.7013467428264,1030.5824902057325,0.00013998771510867765,28.14495421341335
2104.0,645.033217208085,0.009134271612196114,0.1895485355401872,1.0,895.625112677281,1030.580383256109,0.00014010509507545813,28.168553811335524
2106.0,644.6541201370046,0.00913353092177188,0.18959868138970692,1.0,895.5487997026505,1030.5782753469266,0.0001402224460066241,28.192147571559435
2108.0,644.2749227742252,0.009132790501227577,0.18964887402149347,1.0,895.4724076539135,1030.5761664766462,0.00014033976790353672,28.215735494358757
2110.0,643.8956250261822,0.009132050351159077,0.18969911353796626,1.0,895.395936365523,1030.5740566437237,0.00014045706076755196,28.2393175800061
2112.0,643.5162267991062,0.009131310472164172,0.18974940004185342,1.0,895.3193856714169,1030.5719458466103,0.00014057432460002058,28.262893828773045
2114.0,643.1367279990225,0.00913057086484266,0.18979973363620847,1.0,895.2427554049971,1030.5698340837534,0.0001406915594022881,28.286464240930115
2116.0,642.75712853175,0.009129831529796285,0.18985011442439795,1.0,895.1660453991452,1030.567721353596,0.0001408087651756948,28.310028816746772
2118.0,642.3774283029012,0.009129092467628764,0.18990054251010605,1.0,895.0892554862145,1030.5656076545765,0.0001409259419215757,28.33358755649143
2120.0,641.997627217881,0.009128353678945812,0.18995101799733988,1.0,895.0123854980236,1030.563492985129,0.0001410430896412605,28.35714046043143
2122.0,641.6177251818864,0.009127615164355155,0.19000154099043057,1.0,894.9354352658546,1030.5613773436826,0.0001411602083360736,28.380687528833043
2124.0,641.2377220999056,0.009126876924466497,0.1900521115940275,1.0,894.8584046204595,1030.5592607286626,0.00014127729800733415,28.404228761961487
2126.0,640.8576178767175,0.009126138959891577,0.19010272991310775,1.0,894.7812933920475,1030.5571431384894,0.0001413943586563559,28.427764160080898
2128.0,640.4774124168913,0.009125401271244149,0.19015339605297465,1.0,894.7041014102873,1030.5550245715795,0.00014151139028444724,28.451293723454334
2130.0,640.0971056247854,0.009124663859140002,0.19020411011925742,1.0,894.6268285043055,1030.552905026344,0.0001416283928929112,28.47481745234377
2132.0,639.7166974045468,0.009123926724196959,0.19025487221791337,1.0,894.549474502684,1030.55078450119,0.00014174536648304541,28.4983353470101
2134.0,639.336187660111,0.0091231898670349,0.19030568245523108,1.0,894.4720392334553,1030.5486629945199,0.0001418623110561421,28.521847407713132
2136.0,638.9555762952006,0.00912245328827576,0.19035654093782928,1.0,894.3945225241038,1030.5465405047316,0.00014197922661348804,28.545353634711567
2138.0,638.5748632133249,0.009121716988543535,0.1904074477726582,1.0,894.3169242015623,1030.5444170302187,0.00014209611315636457,28.56885402826303
2140.0,638.1940483177796,0.00912098096846432,0.19045840306700712,1.0,894.239244092203,1030.5422925693695,0.00014221297068604759,28.592348588624045
2142.0,637.8131315116456,0.009120245228666266,0.19050940692849433,1.0,894.1614820218489,1030.540167120568,0.00014232979920380742,28.61583731605001
2144.0,637.4321126977886,0.009119509769779635,0.19056045946507827,1.0,894.0836378157596,1030.538040682194,0.00014244659871090899,28.639320210795244
2146.0,637.0509917788585,0.00911877459243679,0.19061156078505392,1.0,894.0057112986348,1030.5359132526216,0.0001425633692086116,28.662797273112933
2148.0,636.6697686572884,0.009118039697272208,0.1906627109970576,1.0,893.9277022946077,1030.5337848302215,0.0001426801106981691,28.686268503255167
2150.0,636.2884432352943,0.009117305084922492,0.1907139102100661,1.0,893.8496106272459,1030.5316554133587,0.00014279682318082965,28.709733901472895
2152.0,635.9070154148741,0.009116570756026366,0.19076515853339776,1.0,893.7714361195489,1030.5295250003942,0.00014291350665783593,28.733193468015962
2154.0,635.5254850978073,0.009115836711224701,0.190816456076714,1.0,893.6931785939457,1030.5273935896835,0.000143030161130425,28.756647203133074
2156.0,635.1438521856538,0.00911510295116052,0.1908678029500237,1.0,893.6148378722888,1030.5252611795781,0.00014314678659982827,28.780095107071823
2158.0,634.7621165797538,0.009114369476479006,0.1909191992636808,1.0,893.5364137758562,1030.5231277684243,0.00014326338306727153,28.80353718007865
2160.0,634.3802781812263,0.009113636287827508,0.19097064512838757,1.0,893.4579061253473,1030.5209933545636,0.00014337995053397486,28.826973422398854
2162.0,633.9983368909695,0.009112903385855554,0.19102214065519565,1.0,893.3793147408801,1030.5188579363332,0.00014349648900115273,28.850403834276612
2164.0,633.6162926096591,0.009112170771214859,0.19107368595550667,1.0,893.3006394419903,1030.5167215120648,0.00014361299847001386,28.87382841595494
2166.0,633.2341452377481,0.009111438444559347,0.19112528114107813,1.0,893.2218800476234,1030.5145840800858,0.00014372947894176124,28.8972471676757
2168.0,632.8518946754659,0.009110706406545143,0.19117692632401898,1.0,893.1430363761388,1030.5124456387182,0.00014384593041759215,28.92066008967961
2170.0,632.4695408228179,0.009109974657830585,0.1912286216167935,1.0,893.0641082453054,1030.5103061862799,0.00014396235289869809,28.94406718220623
2172.0,632.0870835795843,0.009109243199076243,0.191280367132222,1.0,892.9850954722988,1030.5081657210828,0.00014407874638626476,28.967468445493942
2174.0,631.7045228453198,0.009108512030944932,0.1913321629834871,1.0,892.9059978736937,1030.506024241435,0.0001441951108814721,28.990863879779976
2176.0,631.3218585193529,0.009107781154101697,0.19138400928412647,1.0,892.8268152654722,1030.503881745639,0.00014431144638549416,29.01425348530039
2178.0,630.9390905007846,0.009107050569213853,0.19143590614804118,1.0,892.7475474630118,1030.5017382319927,0.0001444277528994992,29.03763726229005
2180.0,630.5562186884885,0.009106320276950988,0.19148785368949695,1.0,892.6681942810843,1030.4995936987887,0.00014454403042464965,29.06101521098267
2182.0,630.1732429811094,0.009105590277984958,0.19153985202312257,1.0,892.5887555338563,1030.4974481443148,0.00014466027896210194,29.084387331610767
2184.0,629.7901632770631,0.0091048605729899,0.19159190126391035,1.0,892.5092310348883,1030.4953015668539,0.0001447764985130067,29.107753624405664
2186.0,629.4069794745353,0.009104131162642266,0.1916440015272243,1.0,892.4296205971236,1030.4931539646836,0.00014489268907850856,29.1311140895975
2188.0,629.0236914714809,0.009103402047620815,0.19169615292879705,1.0,892.3499240328914,1030.4910053360768,0.00014500885065974625,29.154468727415207
2190.0,628.6402991656233,0.009102673228606604,0.19174835558472764,1.0,892.2701411539088,1030.4888556793007,0.0001451249832578525,29.177817538086543
2192.0,628.2568024544539,0.009101944706283048,0.19180060961149295,1.0,892.190271771266,1030.4867049926183,0.00014524108687395408,29.201160521838037
2194.0,627.8732012352309,0.00910121648133588,0.19185291512593985,1.0,892.1103156954355,1030.4845532742868,0.0001453571615091717,29.224497678895013
2196.0,627.489495404979,0.009100488554453189,0.19190527224529114,1.0,892.0302727362636,1030.4824005225585,0.00014547320716462006,29.247829009481592
2198.0,627.1056848604885,0.009099760926325435,0.1919576810871494,1.0,891.9501427029645,1030.4802467356806,0.00014558922384140784,29.27115451382066
2200.0,626.7217694983142,0.00909903359764543,0.19201014176949158,1.0,891.869925404128,1030.4780919118953,0.00014570521154063762,29.29447419213391
2202.0,626.3377492147752,0.009098306569108386,0.19206265441067774,1.0,891.7896206477052,1030.475936049439,0.00014582117026340586,29.317788044641784
2204.0,625.9536239059538,0.009097579841411903,0.19211521912944995,1.0,891.7092282410113,1030.4737791465436,0.0001459371000108029,29.3410960715635
2206.0,625.5693934676949,0.009096853415255976,0.19216783604493126,1.0,891.6287479907255,1030.4716212014355,0.00014605300078391297,29.364398273117043
2208.0,625.1850577956051,0.009096127291343027,0.1922205052766326,1.0,891.5481797028812,1030.4694622123354,0.0001461688725838141,29.38769464951915
2210.0,624.8006167850518,0.009095401470377892,0.19227322694444984,1.0,891.4675231828694,1030.4673021774597,0.00014628471541157817,29.410985200985333
2212.0,624.4160703311629,0.009094675953067859,0.19232600116866902,1.0,891.3867782354312,1030.465141095019,0.00014640052926827085,29.434269927729844
2214.0,624.0314183288256,0.009093950740122644,0.19237882806996356,1.0,891.3059446646602,1030.462978963218,0.00014651631415495153,29.457548829965685
2216.0,623.6466606726856,0.00909322583225443,0.1924317077693995,1.0,891.2250222739959,1030.4608157802568,0.0001466320700726734,29.480821907904588
2218.0,623.2617972571468,0.009092501230177883,0.1924846403884398,1.0,891.1440108662174,1030.4586515443305,0.00014674779702248333,29.50408916175704
2220.0,622.8768279763699,0.009091776934610125,0.19253762604893654,1.0,891.0629102434515,1030.4564862536279,0.00014686349500542194,29.527350591732258
2222.0,622.491752724272,0.009091052946270802,0.1925906648731463,1.0,890.9817202071533,1030.4543199063328,0.0001469791640225235,29.550606198038192
2224.0,622.1065713945258,0.009090329265882033,0.19264375698371586,1.0,890.9004405581242,1030.4521525006237,0.0001470948040748159,29.57385598088149
2226.0,621.7212838805583,0.009089605894168464,0.19269690250369684,1.0,890.8190710964908,1030.4499840346737,0.0001472104151633208,29.597099940467565
2228.0,621.3358900755509,0.009088882831857268,0.19275010155654193,1.0,890.7376116217104,1030.44781450665,0.00014732599728905328,29.620338077000508
2230.0,620.9503898724378,0.009088160079678172,0.19280335426611006,1.0,890.6560619325631,1030.445643914715,0.00014744155045302214,29.643570390683127
2232.0,620.5647831639055,0.009087437638363421,0.19285666075665972,1.0,890.5744218271598,1030.443472257025,0.00014755707465622972,29.666796881716962
2234.0,620.1790698423922,0.009086715508647848,0.19291002115286268,1.0,890.4926911029233,1030.4412995317311,0.00014767256989967187,29.690017550302223
2236.0,619.7932498000865,0.009085993691268852,0.1929634355797971,1.0,890.4108695565974,1030.439125736979,0.00014778803618433798,29.713232396637828
2238.0,619.407322928927,0.009085272186966413,0.19301690416295153,1.0,890.3289569842395,1030.436950870908,0.00014790347351121094,29.736441420921395
2240.0,619.0212891206011,0.00908455099648311,0.19307042702822738,1.0,890.2469531812187,1030.4347749316532,0.00014801888188126707,29.759644623349214
2242.0,618.6351482665447,0.009083830120564134,0.19312400430194127,1.0,890.1648579422098,1030.432597917343,0.00014813426129547618,29.782842004116265
2244.0,618.2489002579408,0.009083109559957303,0.19317763611082603,1.0,890.0826710611924,1030.4304198261002,0.00014824961175480148,29.80603356341621
2246.0,617.8625449857192,0.009082389315413044,0.19323132258202882,1.0,890.0003923314533,1030.4282406560428,0.0001483649332601996,29.829219301441384
2248.0,617.4760823405551,0.009081669387684465,0.1932850638431233,1.0,889.9180215455679,1030.426060405282,0.0001484802258126205,29.852399218382768
2250.0,617.0895122128688,0.009080949777527303,0.19333886002209832,1.0,889.8355584954164,1030.4238790719244,0.00014859548941300753,29.87557331443004
2252.0,616.7028344928246,0.00908023048569998,0.1933927112473709,1.0,889.7530029721644,1030.42169665407,0.00014871072406229737,29.89874158977151
2254.0,616.3160490703299,0.009079511512963592,0.19344661764777932,1.0,889.6703547662719,1030.4195131498136,0.00014882592976141998,29.921904044594154
2256.0,615.9291558350343,0.009078792860081937,0.1935005793525921,1.0,889.5876136674808,1030.417328557244,0.00014894110651129857,29.94506067908359
2258.0,615.5421546763291,0.00907807452782152,0.1935545964915069,1.0,889.5047794648156,1030.415142874444,0.00014905625431284967,29.968211493424086
2260.0,615.1550454833462,0.009077356516951561,0.19360866919465025,1.0,889.4218519465826,1030.412956099491,0.000149171373166983,29.991356487798537
2262.0,614.7678281449569,0.009076638828244015,0.19366279759258204,1.0,889.338830900364,1030.4107682304568,0.00014928646307460144,30.014495662388484
2264.0,614.3805025497717,0.00907592146247359,0.19371698181629946,1.0,889.2557161130107,1030.4085792654064,0.00014940152403660113,30.037629017374083
2266.0,613.9930685861391,0.009075204420417735,0.1937712219972324,1.0,889.1725073706492,1030.4063892023999,0.00014951655605387128,30.060756552934127
2268.0,613.6055261421446,0.009074487702856692,0.1938255182672527,1.0,889.089204458667,1030.4041980394907,0.0001496315591272943,30.083878269246018
2270.0,613.2178751056101,0.009073771310573471,0.19387987075867102,1.0,889.0058071617174,1030.4020057747268,0.00014974653325774566,30.106994166485773
2272.0,612.8301153640928,0.009073055244353886,0.19393427960424103,1.0,888.9223152637115,1030.39981240615,0.0001498614784460939,30.130104244828022
2274.0,612.4422468048842,0.009072339504986553,0.19398874493715884,1.0,888.8387285478209,1030.3976179317965,0.00014997639469320064,30.153208504445985
2276.0,612.05426931501,0.00907162409326294,0.1940432668910737,1.0,888.7550467964592,1030.3954223496958,0.0001500912819999205,30.176306945511495
2278.0,611.6661827812278,0.009070909009977302,0.1940978456000724,1.0,888.6712697913051,1030.393225657872,0.00015020614036710109,30.199399568194956
2280.0,611.2779870900276,0.009070194255926799,0.19415248119870332,1.0,888.5873973132676,1030.391027854343,0.00015032096979558302,30.222486372665387
2282.0,610.8896821276302,0.009069479831911415,0.19420717382195893,1.0,888.5034291425096,1030.3888289371205,0.00015043577028619985,30.245567359090376
2284.0,610.5012677799863,0.009068765738734032,0.19426192360529151,1.0,888.419365058426,1030.3866289042103,0.00015055054183977802,30.268642527636068
2286.0,610.1127439327757,0.009068051977200411,0.1943167306846061,1.0,888.3352048396512,1030.3844277536116,0.00015066528445713688,30.291711878467215
2288.0,609.7241104714066,0.009067338548119227,0.19437159519626795,1.0,888.2509482640501,1030.3822254833178,0.00015077999813908866,30.314775411747107
2290.0,609.335367281014,0.009066625452302073,0.1944265172771042,1.0,888.1665951087144,1030.3800220913165,0.00015089468288643845,30.33783312763761
2292.0,608.9465142464597,0.009065912690563458,0.19448149706440032,1.0,888.082145149966,1030.3778175755886,0.00015100933869998407,30.36088502629913
2294.0,608.557551252331,0.009065200263720862,0.19453653469591128,1.0,887.9975981633416,1030.3756119341087,0.00015112396558051623,30.383931107890643
2296.0,608.1684781829392,0.00906448817259471,0.1945916303098565,1.0,887.9129539235994,1030.3734051648455,0.00015123856352881833,30.406971372569654
2298.0,607.7792949223195,0.0090637764180084,0.1946467840449233,1.0,887.828212204712,1030.3711972657613,0.0001513531325456665,30.430005820492205
2300.0,607.3900013542296,0.009063065000788328,0.19470199604027283,1.0,887.74337277986,1030.3689882348122,0.00015146767263182967,30.45303445181289
2302.0,607.000597362149,0.00906235392176388,0.1947572664355352,1.0,887.6584354214353,1030.3667780699477,0.0001515821837880693,30.4760572666848
2304.0,606.611082829278,0.00906164318176747,0.19481259537082038,1.0,887.5733999010271,1030.364566769111,0.00015169666601513962,30.49907426525959
2306.0,606.2214576385363,0.00906093278163454,0.19486798298671237,1.0,887.488265989429,1030.3623543302394,0.00015181111931378743,30.522085447687385
2308.0,605.8317216725629,0.009060222722203576,0.19492342942427537,1.0,887.4030334566287,1030.360140751263,0.00015192554368475213,30.545090814116865
2310.0,605.4418748137144,0.009059513004316129,0.19497893482505735,1.0,887.3177020718042,1030.3579260301067,0.0001520399391287657,30.568090364695177
2312.0,605.0519169440644,0.009058803628816819,0.19503449933108713,1.0,887.2322716033249,1030.3557101646873,0.0001521543056465526,30.591084099567993
2314.0,604.6618479454022,0.009058094596553354,0.19509012308488027,1.0,887.1467418187436,1030.353493152916,0.0001522686432388299,30.614072018879472
2316.0,604.2716676992325,0.009057385908376556,0.19514580622944164,1.0,887.0611124847941,1030.351274992698,0.00015238295190630707,30.637054122772255
2318.0,603.8813760867736,0.009056677565140366,0.19520154890826705,1.0,886.9753833673844,1030.3490556819313,0.00015249723164968606,30.660030411387478
2320.0,603.4909729889571,0.009055969567701851,0.1952573512653432,1.0,886.8895542315996,1030.3468352185073,0.00015261148246966126,30.683000884864743
2322.0,603.1004582864264,0.009055261916921239,0.19531321344515357,1.0,886.8036248416909,1030.3446136003113,0.00015272570436691946,30.705965543342135
2324.0,602.709831859536,0.009054554613661907,0.19536913559267666,1.0,886.7175949610772,1030.3423908252212,0.00015283989734213977,30.72892438695619
2326.0,602.3190935883507,0.009053847658790432,0.19542511785339242,1.0,886.6314643523373,1030.3401668911092,0.00015295406139599366,30.75187741584191
2328.0,601.9282433526439,0.009053141053176566,0.19548116037328056,1.0,886.5452327772091,1030.3379417958402,0.00015306819652914495,30.77482463013276
2330.0,601.5372810318974,0.009052434797693293,0.19553726329882704,1.0,886.4588999965814,1030.3357155372723,0.00015318230274224967,30.797766029960627
2332.0,601.1462065052997,0.00905172889321681,0.19559342677702285,1.0,886.3724657704946,1030.3334881132575,0.00015329638003595613,30.82070161545587
2334.0,600.7550196517457,0.009051023340626569,0.19564965095537024,1.0,886.2859298581311,1030.3312595216407,0.00015341042841090488,30.843631386747262
2336.0,600.3637203498349,0.009050318140805255,0.19570593598187547,1.0,886.1992920178238,1030.32902976026,0.00015352444786772862,30.866555343962016
2338.0,599.9723084778711,0.009049613294638862,0.19576228200506743,1.0,886.1125520070308,1030.3267988269467,0.00015363843840705227,30.88947348722577
2340.0,599.580783913861,0.009048908803016646,0.19581868917398362,1.0,886.025709582353,1030.3245667195251,0.00015375240002949282,30.912385816662574
2342.0,599.189146535513,0.009048204666831181,0.19587515763818292,1.0,885.9387644995164,1030.322333435813,0.0001538663327356594,30.935292332394898
2344.0,598.7973962202367,0.009047500886978364,0.19593168754774382,1.0,885.8517165133729,1030.320098973621,0.00015398023652615317,30.9581930345436
2346.0,598.4055328451412,0.009046797464357431,0.19598827905326874,1.0,885.7645653778948,1030.3178633307532,0.00015409411140156735,30.981087923227957
2348.0,598.0135562870347,0.009046094399870966,0.1960449323058827,1.0,885.6773108461738,1030.315626505006,0.00015420795736248717,31.003976998565623
2350.0,597.6214664224229,0.009045391694424929,0.19610164745724143,1.0,885.5899526704108,1030.3133884941697,0.00015432177440948986,31.026860260672656
2352.0,597.2292631275085,0.009044689348928674,0.19615842465953073,1.0,885.5024906019153,1030.3111492960268,0.00015443556254314455,31.049737709663482
2354.0,596.8369462781894,0.009043987364294945,0.1962152640654651,1.0,885.4149243911062,1030.3089089083535,0.0001545493217640123,31.072609345650903
2356.0,596.4445157500585,0.009043285741439921,0.19627216582829923,1.0,885.327253787495,1030.3066673289184,0.0001546630520726461,31.095475168746095
2358.0,596.0519714184019,0.009042584481283212,0.1963291301018219,1.0,885.2394785396939,1030.304424555483,0.0001547767534695907,31.118335179058594
2360.0,595.6593131581982,0.009041883584747886,0.19638615704036316,1.0,885.1515983954047,1030.3021805858018,0.00015489042595538276,31.141189376696282
2362.0,595.2665408441175,0.009041183052760488,0.19644324679879827,1.0,885.0636131014129,1030.2999354176227,0.00015500406953055068,31.164037761765407
2364.0,594.8736543505198,0.009040482886251033,0.19650039953254056,1.0,884.9755224035953,1030.2976890486852,0.00015511768419561463,31.186880334370542
2366.0,594.4806535514547,0.009039783086153068,0.19655761539755856,1.0,884.8873260468976,1030.295441476723,0.00015523126995108653,31.209717094614614
2368.0,594.0875383206595,0.009039083653403652,0.196614894550368,1.0,884.7990237753426,1030.2931926994613,0.00015534482679746992,31.232548042598868
2370.0,593.6943085315588,0.009038384588943378,0.19667223714803547,1.0,884.7106153320254,1030.290942714619,0.00015545835473526008,31.255373178422868
2372.0,593.3009640572627,0.00903768589371642,0.19672964334818788,1.0,884.6221004590991,1030.2886915199067,0.00015557185376494388,31.27819250218451
2374.0,592.9075047705663,0.009036987568670508,0.19678711330900575,1.0,884.5334788977833,1030.2864391130288,0.0001556853238869998,31.301006013979986
2376.0,592.5139305439483,0.009036289614756969,0.1968446471892307,1.0,884.4447503883522,1030.2841854916815,0.00015579876510189781,31.323813713903803
2378.0,592.1202412495699,0.009035592032930754,0.1969022451481698,1.0,884.3559146701284,1030.2819306535537,0.00015591217741009954,31.34661560204875
2380.0,591.7264367592735,0.009034894824150434,0.19695990734569452,1.0,884.2669714814836,1030.2796745963274,0.00015602556081205802,31.369411678505926
2382.0,591.3325169445822,0.009034197989378236,0.1970176339422456,1.0,884.1779205598298,1030.2774173176763,0.00015613891530821776,31.39220194336469
2384.0,590.9384816766976,0.009033501529580054,0.19707542509883513,1.0,884.0887616416165,1030.275158815267,0.00015625224089901472,31.414986396712703
2386.0,590.5443308265,0.00903280544572546,0.1971332809770477,1.0,883.9994944623287,1030.2728990867595,0.00015636553758487622,31.437765038635874
2388.0,590.1500642645459,0.00903210973878773,0.19719120173904592,1.0,883.9101187564761,1030.2706381298046,0.00015647880536622097,31.460537869218385
2390.0,589.7556818610678,0.00903141440974387,0.1972491875475715,1.0,883.8206342575927,1030.2683759420463,0.00015659204424345902,31.48330488854268
2392.0,589.3611834859727,0.009030719459574628,0.19730723856594876,1.0,883.7310406982309,1030.2661125211214,0.00015670525421699165,31.506066096689437
2394.0,588.9665690088408,0.0090300248892645,0.19736535495808616,1.0,883.641337809957,1030.2638478646584,0.00015681843528721147,31.528821493737595
2396.0,588.5718382989246,0.009029330699801776,0.19742353688848097,1.0,883.5515253233453,1030.2615819702783,0.00015693158745450227,31.551571079764308
2398.0,588.1769912251476,0.009028636892178539,0.1974817845222207,1.0,883.4616029679739,1030.2593148355943,0.00015704471071923903,31.574314854844975
2400.0,587.7820276561032,0.00902794346739068,0.19754009802498493,1.0,883.3715704724223,1030.257046458212,0.0001571578050817879,31.597052819053207
2402.0,587.3869474600532,0.00902725042643793,0.1975984775630492,1.0,883.2814275642639,1030.2547768357294,0.00015727087054250615,31.619784972460835
2404.0,586.991750504927,0.009026557770323889,0.19765692330329046,1.0,883.1911739700586,1030.252505965736,0.00015738390710174212,31.642511315137888
2406.0,586.5964366583205,0.009025865500056025,0.19771543541318753,1.0,883.1008094153508,1030.2502338458146,0.00015749691475983518,31.665231847152608
2408.0,586.2010057874941,0.009025173616645692,0.19777401406082065,1.0,883.0103336246682,1030.2479604735388,0.00015760989351711575,31.687946568571423
2410.0,585.8054577593724,0.009024482121108169,0.19783265941488,1.0,882.9197463215097,1030.245685846475,0.00015772284337390522,31.71065547945895
2412.0,585.4097924405427,0.009023791014462657,0.1978913716446641,1.0,882.8290472283468,1030.2434099621817,0.0001578357643305159,31.733358579877972
2414.0,585.0140096972533,0.009023100297732343,0.19795015092009155,1.0,882.7382360666062,1030.241132818209,0.000157948656387251,31.756055869889465
2416.0,584.6181093954132,0.009022409971944357,0.19800899741169023,1.0,882.6473125566836,1030.2388544120997,0.0001580615195444046,31.778747349552543
2418.0,584.2220914005898,0.009021720038129833,0.1980679112906089,1.0,882.5562764179257,1030.2365747413874,0.00015817435380226162,31.801433018924495
2420.0,583.8259555780086,0.009021030497323926,0.19812689272862133,1.0,882.4651273686255,1030.234293803599,0.0001582871591610978,31.824112878060756
2422.0,583.4297017925513,0.00902034135056583,0.19818594189812486,1.0,882.3738651260212,1030.2320115962518,0.0001583999356211796,31.846786927014904
2424.0,583.033329908755,0.009019652598898788,0.19824505897214584,1.0,882.2824894062888,1030.2297281168562,0.00015851268318276422,31.86945516583864
2426.0,582.6368397908108,0.009018964243370127,0.19830424412434258,1.0,882.1909999245368,1030.2274433629138,0.0001586254018460995,31.892117594581805
2428.0,582.240231302562,0.009018276285031266,0.19836349752900556,1.0,882.0993963948039,1030.225157331918,0.00015873809161142394,31.91477421329234
2430.0,581.8435043075041,0.00901758872493775,0.19842281936106512,1.0,882.0076785300485,1030.2228700213536,0.0001588507524789667,31.93742502201633
2432.0,581.446658668782,0.009016901564149261,0.19848220979609132,1.0,881.9158460421476,1030.2205814286983,0.00015896338444894745,31.960070020797925
2434.0,581.0496942491898,0.009016214803729649,0.1985416690102991,1.0,881.8238986418876,1030.21829155142,0.00015907598752157642,31.982709209679406
2436.0,580.6526109111692,0.009015528444746955,0.198601197180552,1.0,881.7318360389594,1030.216000386979,0.00015918856169705431,32.00534258870111
2438.0,580.2554085168081,0.009014842488273401,0.19866079448435875,1.0,881.639657941961,1030.2137079328272,0.0001593011069755723,32.02797015790149
2440.0,579.8580869278394,0.00901415693538546,0.1987204610998846,1.0,881.5473640583807,1030.2114141864076,0.00015941362335731194,32.05059191731704
2442.0,579.4606460056397,0.00901347178716384,0.19878019720595055,1.0,881.4549540945978,1030.2091191451555,0.0001595261108424452,32.07320786698234
2444.0,579.0630856112277,0.009012787044693533,0.19884000298203877,1.0,881.3624277558733,1030.2068228064968,0.00015963856943113436,32.09581800693001
2446.0,578.6654056052637,0.009012102709063819,0.1988998786082929,1.0,881.2697847463487,1030.2045251678492,0.00015975099912353202,32.11842233719073
2448.0,578.2676058480471,0.00901141878136829,0.19895982426552272,1.0,881.1770247690382,1030.202226226622,0.00015986339991978102,32.14102085779322
2450.0,577.8696861995161,0.009010735262704883,0.19901984013520907,1.0,881.0841475258206,1030.1999259802155,0.00015997577182001442,32.16361356876424
2452.0,577.4716465192456,0.009010052154175888,0.19907992639950275,1.0,880.9911527174405,1030.197624426022,0.00016008811482435544,32.186200470128554
2454.0,577.0734866664466,0.009009369456887992,0.19914008324123353,1.0,880.8980400434926,1030.195321561424,0.0001602004289329175,32.208781561908964
2456.0,576.6752064999641,0.009008687171952277,0.19920031084390943,1.0,880.8048092024243,1030.1930173837961,0.000160312714145804,32.231356844126275
2458.0,576.2768058782763,0.009008005300484257,0.19926060939172,1.0,880.711459891528,1030.190711890504,0.00016042497046310855,32.25392631679929
2460.0,575.8782846594928,0.009007323843603905,0.19932097906954346,1.0,880.6179918069305,1030.1884050789042,0.00016053719788491463,32.27648997994479
2462.0,575.4796427013537,0.009006642802435669,0.19938142006294618,1.0,880.5244046435926,1030.1860969463446,0.00016064939641129578,32.29904783357758
2464.0,575.0808798612278,0.009005962178108486,0.19944193255818643,1.0,880.4306980953031,1030.1837874901644,0.00016076156604231546,32.321599877710405
2466.0,574.6819959961115,0.009005281971755836,0.199502516742221,1.0,880.3368718546674,1030.1814767076933,0.00016087370677802702,32.344146112354
2468.0,574.2829909626271,0.009004602184515736,0.1995631728027071,1.0,880.2429256131048,1030.1791645962526,0.00016098581861847362,32.36668653751703
2470.0,573.8838646170217,0.009003922817530761,0.19962390092799956,1.0,880.1488590608502,1030.176851153154,0.00016109790156368825,32.38922115320614
2472.0,573.4846168151657,0.009003243871948119,0.19968470130717014,1.0,880.0546718869267,1030.1745363757009,0.0001612099556136937,32.4117499594259
2474.0,573.0852474125514,0.009002565348919607,0.19974557412999275,1.0,879.9603637791647,1030.1722202611868,0.00016132198076850243,32.43427295617883
2476.0,572.6857562642914,0.009001887249601657,0.19980651958695436,1.0,879.8659344241847,1030.1699028068963,0.0001614339770281166,32.456790143465355
2478.0,572.2861432251175,0.009001209575155416,0.1998675378692682,1.0,879.7713835073796,1030.1675840101052,0.00016154594439252805,32.47930152128383
2480.0,571.8864081493789,0.009000532326746679,0.19992862916886003,1.0,879.6767107129306,1030.1652638680796,0.00016165788286171814,32.50180708963051
2482.0,571.4865508910411,0.00899985550554598,0.19998979367838354,1.0,879.5819157237851,1030.1629423780764,0.0001617697924356578,32.52430684849956
2484.0,571.0865713036844,0.008999179112728602,0.20005103159122242,1.0,879.4869982216534,1030.1606195373436,0.00016188167311430754,32.54680079788303
2486.0,570.686469240502,0.008998503149474582,0.20011234310148915,1.0,879.3919578870083,1030.1582953431196,0.00016199352489761724,32.56928893777085
2488.0,570.2862445542991,0.00899782761696877,0.20017372840403475,1.0,879.2967943990699,1030.155969792633,0.00016210534778552622,32.591771268150815
2490.0,569.885897097491,0.00899715251640082,0.20023518769444748,1.0,879.2015074358068,1030.1536428831034,0.0001622171417779632,32.6142477890086
2492.0,569.4854267221021,0.008996477848965243,0.20029672116906036,1.0,879.1060966739241,1030.151314611741,0.00016232890687484624,32.636718500327724
2494.0,569.084833279764,0.008995803615861416,0.2003583290249523,1.0,879.0105617888606,1030.1489849757465,0.00016244064307608264,32.65918340208955
2496.0,568.6841166217141,0.008995129818293614,0.20042001145995264,1.0,878.9149024547809,1030.1466539723106,0.00016255235038156897,32.68164249427329
2498.0,568.2832765987943,0.008994456457471045,0.20048176867264644,1.0,878.819118344567,1030.1443215986146,0.00016266402879119098,32.704095776855965
2500.0,567.8823130614489,0.008993783534607861,0.2005436008623763,1.0,878.7232091298137,1030.1419878518302,0.0001627756783048236,32.72654324981244
2502.0,567.4812258597242,0.008993111050923194,0.20060550822924741,1.0,878.6271744808219,1030.1396527291197,0.0001628872989223308,32.74898491311535
2504.0,567.0800148432656,0.00899243900764118,0.20066749097413036,1.0,878.5310140665913,1030.1373162276352,0.0001629988906435657,32.771420766735176
2506.0,566.6786798613174,0.00899176740599099,0.20072954929866682,1.0,878.4347275548123,1030.1349783445194,0.00016311045346837036,32.79385081064016
2508.0,566.27722076272,0.008991096247206842,0.20079168340526932,1.0,878.3383146118645,1030.1326390769045,0.00016322198739657584,32.81627504479634
2510.0,565.8756373959095,0.008990425532528058,0.20085389349713254,1.0,878.2417749028001,1030.130298421914,0.0001633334924280021,32.83869346916751
2512.0,565.4739296089152,0.00898975526319906,0.2009161797782296,1.0,878.1451080913467,1030.12795637666,0.00016344496856245794,32.86110608371524
2514.0,565.0720972493588,0.008989085440469417,0.2009785424533206,1.0,878.0483138398953,1030.1256129382461,0.00016355641579974105,32.88351288839885
2516.0,564.6701401644522,0.00898841606559387,0.2010409817279563,1.0,877.9513918094927,1030.1232681037652,0.00016366783413963786,32.905913883175394
2518.0,564.2680582009963,0.008987747139832365,0.20110349780848244,1.0,877.8543416598344,1030.1209218702998,0.00016377922358192353,32.92830906799967
2520.0,563.8658512053793,0.008987078664450048,0.20116609090203746,1.0,877.7571630492664,1030.118574234923,0.00016389058412636192,32.95069844282422
2522.0,563.4635190235751,0.008986410640717342,0.20122876121656635,1.0,877.6598556347643,1030.1162251946976,0.0001640019157727055,32.973082007599245
2524.0,563.061061501142,0.008985743069909952,0.20129150896082015,1.0,877.5624190719326,1030.1138747466757,0.0001641132185206953,32.9954597622727
2526.0,562.6584784832204,0.008985075953308882,0.20135433434435773,1.0,877.4648530150007,1030.1115228878996,0.00016422449237006093,33.01783170679023
2528.0,562.2557698145317,0.008984409292200493,0.20141723757755592,1.0,877.3671571168079,1030.1091696154015,0.0001643357373205205,33.040197841095136
2530.0,561.8529353393766,0.008983743087876507,0.2014802188716069,1.0,877.2693310288045,1030.1068149262028,0.0001644469533717805,33.06255816512842
2532.0,561.4499749016334,0.008983077341634052,0.20154327843852943,1.0,877.1713744010353,1030.1044588173152,0.00016455814052353585,33.08491267882875
2534.0,561.0468883447563,0.008982412054775674,0.2016064164911651,1.0,877.0732868821436,1030.102101285739,0.00016466929877546974,33.10726138213242
2536.0,560.643675511774,0.008981747228609395,0.20166963324319143,1.0,876.9750681193498,1030.0997423284648,0.00016478042812725373,33.1296042749734
2538.0,560.2403362452876,0.00898108286444872,0.20173292890911984,1.0,876.8767177584556,1030.0973819424726,0.0001648915285785476,33.151941357283285
2540.0,559.8368703874694,0.00898041896361267,0.20179630370430107,1.0,876.7782354438317,1030.0950201247313,0.00016500260012899926,33.17427262899129
2542.0,559.4332777800607,0.008979755527425819,0.2018597578449325,1.0,876.6796208184088,1030.0926568722,0.0001651136427782448,33.196598090024246
2544.0,559.0295582643708,0.008979092557218326,0.20192329154805905,1.0,876.5808735236727,1030.0902921818265,0.00016522465652590835,33.218917740306594
2546.0,558.6257116812748,0.008978430054325963,0.2019869050315805,1.0,876.4819931996537,1030.0879260505483,0.00016533564137160214,33.24123157976036
2548.0,558.2217378712116,0.00897776802009014,0.2020505985142541,1.0,876.3829794849211,1030.0855584752917,0.0001654465973149263,33.26353960830515
2550.0,557.8176366741832,0.008977106455857937,0.2021143722156967,1.0,876.2838320165781,1030.0831894529726,0.00016555752435546897,33.285841825858164
2552.0,557.4134079297518,0.008976445362982156,0.2021782263563963,1.0,876.184550430245,1030.080818980496,0.0001656684224928061,33.30813823233414
2554.0,557.009051477039,0.008975784742821333,0.2022421611577123,1.0,876.0851343600566,1030.0784470547553,0.00016577929172650145,33.33042882764538
2556.0,556.6045671547236,0.008975124596739758,0.20230617684187566,1.0,875.9855834386605,1030.076073672634,0.0001658901320561066,33.35271361170171
2558.0,556.1999548010398,0.008974464926107546,0.20237027363200316,1.0,875.8858972971959,1030.0736988310043,0.00016600094348116084,33.37499258441052
2560.0,555.7952142537757,0.008973805732300643,0.20243445175209612,1.0,875.7860755652931,1030.0713225267266,0.00016611172600119109,33.397265745676684
2562.0,555.3903453502716,0.008973147016700845,0.20249871142704204,1.0,875.6861178710701,1030.0689447566508,0.00016622247961571186,33.419533095402606
2564.0,554.9853479274175,0.008972488780695866,0.20256305288262752,1.0,875.5860238411119,1030.0665655176156,0.00016633320432422527,33.44179463348817
2566.0,554.5802218216522,0.008971831025679349,0.20262747634553666,1.0,875.4857931004735,1030.0641848064488,0.0001664439001262209,33.46405035983077
2568.0,554.1749668689612,0.008971173753050902,0.20269198204335812,1.0,875.3854252726649,1030.061802619966,0.0001665545670211758,33.48630027432525
2570.0,553.7695829048745,0.008970516964216142,0.2027565702045909,1.0,875.2849199796436,1030.0594189549722,0.00016666520500855435,33.50854437686394
2572.0,553.3640697644653,0.008969860660586713,0.20282124105864652,1.0,875.1842768418102,1030.0570338082612,0.00016677581408780832,33.530782667336595
2574.0,552.958427282348,0.008969204843580322,0.20288599483585384,1.0,875.0834954779981,1030.0546471766145,0.00016688639425837672,33.55301514563045
2576.0,552.5526552926763,0.008968549514620805,0.20295083176747167,1.0,874.9825755054553,1030.052259056803,0.0001669969455196858,33.57524181163013
2578.0,552.1467536291414,0.0089678946751381,0.203015752085679,1.0,874.8815165398562,1030.0498694455855,0.000167107467871149,33.59746266521771
2580.0,551.74072212497,0.00896724032656834,0.20308075602359366,1.0,874.7803181952738,1030.0474783397096,0.0001672179613121668,33.61967770627267
2582.0,551.3345606129228,0.008966586470353874,0.203145843815273,1.0,874.6789800841764,1030.0450857359108,0.00016732842584212676,33.64188693467185
2584.0,550.9282689252923,0.008965933107943264,0.20321101569571343,1.0,874.5775018174271,1030.0426916309132,0.00016743886146040345,33.66409035028954
2586.0,550.5218468939008,0.008965280240791377,0.20327627190086395,1.0,874.4758830042632,1030.0402960214294,0.00016754926816635836,33.68628795299733
2588.0,550.1152943500991,0.00896462787035939,0.20334161266762743,1.0,874.3741232522918,1030.0378989041596,0.00016765964595933983,33.708479742664224
2590.0,549.7086111247639,0.00896397599811481,0.20340703823386116,1.0,874.2722221674878,1030.0355002757926,0.00016776999483868304,33.73066571915656
2592.0,549.3017970482962,0.008963324625531566,0.20347254883839355,1.0,874.1701793541682,1030.0331001330048,0.00016788031480370995,33.752845882338
2594.0,548.8948519506193,0.008962673754089982,0.203538144721017,1.0,874.0679944150014,1030.0306984724612,0.0001679906058537292,33.77502023206955
2596.0,548.4877756611774,0.008962023385276853,0.20360382612250097,1.0,873.9656669509857,1030.0282952908144,0.000168100867988036,33.79718876820952
2598.0,548.0805680089323,0.008961373520585464,0.2036695932845923,1.0,873.8631965614476,1030.0258905847052,0.00016821110120591228,33.81935149061353
2600.0,547.6732288223632,0.008960724161515648,0.2037354464500267,1.0,873.7605828440232,1030.0234843507615,0.00016832130550662638,33.841508399134476
2602.0,547.2657579294631,0.008960075309573809,0.20380138586252947,1.0,873.6578253946569,1030.0210765856,0.00016843148088943312,33.86365949362255
2604.0,546.8581551577381,0.008959426966272947,0.20386741176681966,1.0,873.5549238075919,1030.0186672858244,0.00016854162735357376,33.88580477392519
2606.0,546.4504203342045,0.008958779133132717,0.2039335244086182,1.0,873.4518776753572,1030.0162564480265,0.00016865174489827584,33.907944239887094
2608.0,546.0425532853873,0.008958131811679466,0.20399972403465433,1.0,873.348686588758,1030.0138440687854,0.0001687618335227532,33.9300778913502
2610.0,545.634553837318,0.008957485003446274,0.20406601089267146,1.0,873.2453501368639,1030.011430144668,0.00016887189322620588,33.952205728153686
2612.0,545.2264218155326,0.008956838709972959,0.2041323852314246,1.0,873.141867907011,1030.0090146722287,0.00016898192400782011,33.97432775013394
2614.0,544.8181570450697,0.008956192932806174,0.20419884730069893,1.0,873.0382394847746,1030.006597648009,0.00016909192586676817,33.99644395712453
2616.0,544.4097593504683,0.008955547673499391,0.20426539735130414,1.0,872.9344644539746,1030.004179068538,0.00016920189880220834,34.018554348956236
2618.0,544.0012285557657,0.008954902933612983,0.2043320356350873,1.0,872.8305423966548,1030.001758930332,0.00016931184281328493,34.040658925457016
2620.0,543.5925644844955,0.008954258714714239,0.20439876240493524,1.0,872.726472893079,1029.9993372298952,0.0001694217578991281,34.062757686451995
2622.0,543.1837669596856,0.008953615018377407,0.20446557791477943,1.0,872.6222555217207,1029.996913963718,0.00016953164405885383,34.08485063176342
2624.0,542.774835803856,0.008952971846183756,0.20453248241960612,1.0,872.5178898592479,1029.9944891282787,0.0001696415012915639,34.10693776121072
2626.0,542.3657708390168,0.00895232919972158,0.2045994761754562,1.0,872.4133754805207,1029.9920627200422,0.0001697513295963458,34.129019074610426
2628.0,541.9565718866659,0.008951687080586286,0.2046665594394382,1.0,872.3087119585708,1029.9896347354604,0.0001698611289722726,34.15109457177618
2630.0,541.547238767787,0.008951045490380373,0.2047337324697242,1.0,872.2038988646057,1029.9872051709729,0.000169970899418403,34.173164252518724
2632.0,541.1377713028476,0.008950404430713549,0.2048009955255667,1.0,872.0989357679819,1029.9847740230048,0.00017008064093378123,34.195228116645886
2634.0,540.7281693117965,0.008949763903202717,0.20486834886729915,1.0,871.9938222362039,1029.9823412879693,0.00017019035351743684,34.21728616396258
2636.0,540.3184326140619,0.008949123909472036,0.20493579275633997,1.0,871.8885578349145,1029.9799069622659,0.00017030003716838487,34.23933839427076
2638.0,539.9085610285492,0.008948484451152969,0.20500332745520441,1.0,871.7831421278769,1029.9774710422805,0.00017040969188562562,34.26138480736943
2640.0,539.4985543736389,0.00894784552988431,0.2050709532275029,1.0,871.6775746769748,1029.9750335243862,0.0001705193176681446,34.28342540305464
2642.0,539.0884124671838,0.008947207147312251,0.20513867033795552,1.0,871.5718550421897,1029.972594404942,0.00017062891451491256,34.30546018111944
2644.0,538.678135126508,0.008946569305090404,0.20520647905239264,1.0,871.465982781598,1029.970153680294,0.00017073848242488528,34.32748914135391
2646.0,538.2677221684032,0.00894593200487986,0.20527437963776235,1.0,871.3599574513576,1029.9677113467742,0.0001708480213970036,34.34951228354507
2648.0,537.8571734091277,0.008945295248349226,0.205342372362139,1.0,871.2537786056955,1029.9652674007016,0.00017095753143019332,34.371529607476965
2650.0,537.4464886644034,0.008944659037174665,0.20541045749472486,1.0,871.1474457969009,1029.9628218383807,0.0001710670125233651,34.393541112930585
2652.0,537.035667749414,0.008944023373039962,0.20547863530586313,1.0,871.0409585753065,1029.9603746561029,0.0001711764646754145,34.415546799683874
2654.0,536.6247104788023,0.008943388257636548,0.20554690606703757,1.0,870.9343164892856,1029.9579258501453,0.00017128588788522178,34.4375466675117
2656.0,536.2136166666683,0.00894275369266354,0.20561527005088173,1.0,870.8275190852374,1029.9554754167714,0.00017139528215165186,34.45954071618586
2658.0,535.8023861265665,0.00894211967982783,0.20568372753118924,1.0,870.7205659075702,1029.9530233522307,0.00017150464747355432,34.481528945475056
2660.0,535.3910186715041,0.008941486220844069,0.20575227878291172,1.0,870.6134564987017,1029.9505696527588,0.00017161398384976323,34.503511355144866
2662.0,534.9795141139382,0.008940853317434768,0.2058209240821747,1.0,870.5061903990339,1029.9481143145763,0.00017172329127909712,34.52548794495777
2664.0,534.5678722657739,0.008940220971330319,0.20588966370627826,1.0,870.3987671469515,1029.9456573338907,0.00017183256976035897,34.54745871467308
2666.0,534.1560929383613,0.008939589184269037,0.20595849793370433,1.0,870.2911862788069,1029.9431987068947,0.000171941819292336,34.56942366404698
2668.0,533.7441759424939,0.008938957957997236,0.20602742704412746,1.0,870.1834473289048,1029.940738429767,0.00017205103987379976,34.59138279283248
2670.0,533.3321210884056,0.008938327294269249,0.2060964513184162,1.0,870.0755498294963,1029.9382764986713,0.0001721602315035059,34.613336100779414
2672.0,532.9199281857688,0.00893769719484748,0.20616557103864297,1.0,869.9674933107633,1029.9358129097575,0.0001722693941801942,34.63528358763438
2674.0,532.5075970436915,0.008937067661502483,0.20623478648809312,1.0,869.8592773008037,1029.9333476591607,0.00017237852790258845,34.65722525314083
2676.0,532.0951274707153,0.008936438696012957,0.20630409795126295,1.0,869.75090132563,1029.9308807430014,0.00017248763266939637,34.67916109703892
2678.0,531.6825192748128,0.00893581030016586,0.20637350571388063,1.0,869.6423649091396,1029.9284121573853,0.00017259670847930957,34.7010911190656
2680.0,531.269772263385,0.008935182475756403,0.20644301006290033,1.0,869.533667573119,1029.9259418984034,0.00017270575533100347,34.72301531895456
2682.0,530.8568862432592,0.008934555224588128,0.20651261128651469,1.0,869.4248088372244,1029.923469962132,0.00017281477322313713,34.744933696436206
2684.0,530.4438610206861,0.008933928548472971,0.206582309674166,1.0,869.3157882189629,1029.9209963446322,0.00017292376215435334,34.76684625123765
2686.0,530.0306964013378,0.008933302449231276,0.20665210551654473,1.0,869.2066052336927,1029.9185210419507,0.0001730327221232784,34.78875298308273
2688.0,529.6173921903047,0.008932676928691869,0.2067219991056009,1.0,869.0972593946037,1029.9160440501184,0.0001731416531285221,34.81065389169193
2690.0,529.2039481920935,0.00893205198869213,0.20679199073455654,1.0,868.9877502126983,1029.913565365152,0.00017325055516867764,34.8325489767824
2692.0,528.7903642106245,0.008931427631077996,0.2068620806979022,1.0,868.8780771967923,1029.9110849830518,0.00017335942824232153,34.85443823806795
2694.0,528.3766400492287,0.00893080385770407,0.2069322692914164,1.0,868.7682398534866,1029.9086028998036,0.00017346827234801355,34.876321675259014
2696.0,527.9627755106459,0.008930180670433626,0.2070025568121621,1.0,868.6582376871681,1029.9061191113778,0.0001735770874842966,34.89819928806264
2698.0,527.5487703970216,0.008929558071138686,0.20707294355850045,1.0,868.5480701999883,1029.9036336137292,0.0001736858736496967,34.92007107618249
2700.0,527.1346245099046,0.008928936061700086,0.2071434298301004,1.0,868.4377368918466,1029.9011464027974,0.00017379463084272285,34.94193703931879
2702.0,526.7203376502443,0.008928314644007495,0.20721401592793756,1.0,868.3272372603901,1029.8986574745059,0.00017390335906186698,34.963797177168324
2704.0,526.3059096183885,0.008927693819959502,0.2072847021543108,1.0,868.2165708009861,1029.8961668247628,0.00017401205830560386,34.985651489424455
2706.0,525.8913402140798,0.008927073591463655,0.20735548881284505,1.0,868.1057370067165,1029.8936744494604,0.000174120728572391,35.00749997577705
2708.0,525.4766292364542,0.008926453960436523,0.2074263762085007,1.0,867.9947353683614,1029.8911803444753,0.00017422936986066857,35.02934263591251
2710.0,525.0617764840372,0.008925834928803769,0.2074973646475848,1.0,867.8835653743804,1029.8886845056684,0.00017433798216885937,35.051179469513734
2712.0,524.646781754742,0.008925216498500158,0.20756845443774985,1.0,867.7722265109113,1029.8861869288835,0.0001744465654953687,35.073010476260094
2714.0,524.2316448458665,0.008924598671469662,0.2076396458880107,1.0,867.6607182617443,1029.88368760995,0.0001745551198385842,35.094835655827424
2716.0,523.8163655540905,0.008923981449665493,0.20771093930874696,1.0,867.5490401083139,1029.8811865446794,0.00017466364519687594,35.11665500788803
2718.0,523.400943675473,0.008923364835050171,0.20778233501171545,1.0,867.4371915296812,1029.878683728869,0.0001747721415685962,35.138468532110615
2720.0,522.9853790054495,0.008922748829595593,0.20785383331005702,1.0,867.3251720025181,1029.8761791582974,0.00017488060895207936,35.16027622816032
2722.0,522.5696713388294,0.008922133435283055,0.2079254345183016,1.0,867.2129810011,1029.8736728287288,0.00017498904734564196,35.18207809569867
2724.0,522.1538204697928,0.008921518654103348,0.2079971389523797,1.0,867.1006179972856,1029.8711647359098,0.0001750974567475825,35.203874134383575
2726.0,521.737826191888,0.008920904488056807,0.20806894692963163,1.0,866.9880824605,1029.868654875571,0.00017520583715618135,35.2256643438693
2728.0,521.3216882980287,0.00892029093915335,0.20814085876880947,1.0,866.8753738577302,1029.8661432434262,0.0001753141885697007,35.24744872380644
2730.0,520.9054065804911,0.008919678009412584,0.20821287479009576,1.0,866.7624916534949,1029.8636298351719,0.00017542251098638445,35.26922727384195
2732.0,520.4889808309109,0.00891906570086383,0.20828499531510508,1.0,866.6494353098401,1029.8611146464887,0.00017553080440445813,35.290999993619046
2734.0,520.0724108402807,0.008918454015546192,0.2083572206668923,1.0,866.5362042863231,1029.8585976730394,0.00017563906882212885,35.31276688277728
2736.0,519.6556963989469,0.008917842955508617,0.2084295511699637,1.0,866.4227980399949,1029.8560789104706,0.0001757473042375851,35.33452794095243
2738.0,519.238837296607,0.008917232522809973,0.20850198715028626,1.0,866.3092160253832,1029.8535583544115,0.0001758555106489968,35.356283167776546
2740.0,518.8218333223065,0.008916622719519084,0.208574528935291,1.0,866.1954576944845,1029.8510360004736,0.00017596368805451504,35.37803256287792
2742.0,518.4046842644359,0.008916013547714844,0.20864717685389342,1.0,866.0815224967325,1029.8485118442522,0.00017607183645227214,35.39977612588103
2744.0,517.9873899107281,0.008915405009486215,0.20871993123648794,1.0,865.9674098790025,1029.845985881324,0.0001761799558403815,35.421513856406584
2746.0,517.5699500482551,0.008914797106932347,0.20879279241496781,1.0,865.8531192855804,1029.8434581072493,0.00017628804621693748,35.44324575407144
2748.0,517.1523644634252,0.008914189842162603,0.20886576072272767,1.0,865.7386501581551,1029.8409285175705,0.0001763961075800153,35.464971818488614
2750.0,516.7346329419797,0.008913583217296664,0.2089388364946785,1.0,865.6240019357945,1029.8383971078122,0.00017650413992767106,35.48669204926728
2752.0,516.3167552689904,0.008912977234464565,0.20901202006725195,1.0,865.5091740549364,1029.8358638734815,0.00017661214325794146,35.50840644601272
2754.0,515.8987312288559,0.008912371895806768,0.20908531177841025,1.0,865.3941659493703,1029.8333288100673,0.00017672011756884388,35.530115008326305
2756.0,515.480560605299,0.008911767203474235,0.2091587119676579,1.0,865.2789770502187,1029.8307919130414,0.00017682806285837613,35.5518177358055
2758.0,515.0622431813638,0.008911163159628503,0.20923222097605096,1.0,865.1636067859197,1029.8282531778568,0.00017693597912451646,35.573514628043824
2760.0,514.6437787394117,0.008910559766441721,0.20930583914620002,1.0,865.0480545822192,1029.825712599949,0.00017704386636522345,35.59520568463084
2762.0,514.2251670611192,0.00890995702609677,0.20937956682229225,1.0,864.932319862137,1029.8231701747345,0.00017715172457843584,35.61689090515213
2764.0,513.8064079274747,0.008909354940787281,0.20945340435008894,1.0,864.8164020459667,1029.8206258976127,0.0001772595537620725,35.638570289189275
2766.0,513.3875011187745,0.008908753512717735,0.20952735207694032,1.0,864.7003005512506,1029.8180797639634,0.0001773673539140323,35.660243836319836
2768.0,512.9684464146206,0.008908152744103533,0.20960141035179844,1.0,864.5840147927589,1029.815531769149,0.00017747512503219403,35.68191154611734
2770.0,512.549243593917,0.008907552637171058,0.20967557952522142,1.0,864.4675441824794,1029.8129819085123,0.00017758286711441626,35.703573418151244
2772.0,512.1298924348666,0.008906953194157742,0.20974985994938458,1.0,864.3508881295983,1029.8104301773783,0.0001776905801585373,35.72522945198693
2774.0,511.71039271496784,0.008906354417312143,0.2098242519780908,1.0,864.2340460404824,1029.8078765710532,0.000177798264162375,35.74687964718567
2776.0,511.29074421101166,0.008905756308894043,0.209898755966786,1.0,864.1170173186525,1029.8053210848234,0.0001779059191237268,35.76852400330464
2778.0,510.8709466990781,0.008905158871174471,0.20997337227255872,1.0,863.9998013647814,1029.8027637139571,0.00017801354504036942,35.790162519896846
2780.0,510.45099995453296,0.008904562106435848,0.21004810125416432,1.0,863.8823975766563,1029.8002044537036,0.00017812114191005895,35.81179519651113
2782.0,510.03090375202464,0.008903966016971963,0.2101229432720166,1.0,863.7648053491853,1029.7976432992925,0.00017822870973053061,35.833422032692155
2784.0,509.6106578654806,0.008903370605088147,0.21019789868821662,1.0,863.6470240743539,1029.7950802459345,0.00017833624849949872,35.85504302798038
2786.0,509.1902620681042,0.008902775873101301,0.21027296786655428,1.0,863.5290531412189,1029.7925152888208,0.00017844375821465653,35.87665818191203
2788.0,508.76971613237106,0.008902181823339966,0.21034815117251746,1.0,863.4108919358918,1029.789948423123,0.0001785512388736762,35.89826749401907
2790.0,508.349019830026,0.008901588458144422,0.2104234489733066,1.0,863.2925398415136,1029.787379643993,0.00017865869047420862,35.91987096382923
2792.0,507.9281729320794,0.008900995779866751,0.21049886163784337,1.0,863.1739962382396,1029.7848089465638,0.0001787661130138833,35.9414685908659
2794.0,507.50717520880374,0.008900403790870934,0.2105743895367842,1.0,863.0552605032155,1029.7822363259477,0.0001788735064903083,35.96306037464817
2796.0,507.08602642973017,0.008899812493532906,0.2106500330425272,1.0,862.9363320105641,1029.7796617772374,0.0001789808709010701,35.9846463146908
2798.0,506.6647263636451,0.008899221890240654,0.21072579252922619,1.0,862.8172101313612,1029.7770852955057,0.00017908820624373345,36.00622641050418
2800.0,506.2432747785867,0.008898631983394297,0.2108016683728013,1.0,862.6978942336174,1029.7745068758056,0.00017919551251584137,36.02780066159432
2802.0,505.8216714418411,0.008898042775406144,0.21087766095094596,1.0,862.578383682262,1029.771926513169,0.00017930278971491488,36.04936906746282
2804.0,505.3999161199392,0.008897454268700816,0.21095377064314713,1.0,862.4586778391133,1029.7693442026086,0.00017941003783845304,36.070931627606846
2806.0,504.97800857865286,0.008896866465715289,0.21102999783068718,1.0,862.338776062869,1029.7667599391157,0.00017951725688393271,36.09248834151912
2808.0,504.5559485829915,0.008896279368898996,0.21110634289665983,1.0,862.2186777090811,1029.7641737176614,0.00017962444684880852,36.11403920868789
2810.0,504.13373589719816,0.00889569298071392,0.21118280622598248,1.0,862.0983821301344,1029.7615855331965,0.00017973160773051273,36.135584228596905
2812.0,503.7113702847462,0.008895107303634677,0.21125938820540982,1.0,861.9778886752214,1029.7589953806503,0.00017983873952645506,36.15712340072538
2814.0,503.28885150833537,0.00889452234014856,0.21133608922353453,1.0,861.8571966903392,1029.756403254932,0.00017994584223402264,36.17865672454799
2816.0,502.8661793298883,0.008893938092755693,0.2114129096708141,1.0,861.7363055182445,1029.753809150929,0.00018005291585057985,36.20018419953483
2818.0,502.4433535105467,0.008893354563969053,0.21148984993957123,1.0,861.615214498452,1029.7512130635087,0.0001801599603734683,36.22170582515143
2820.0,502.02037381066754,0.008892771756314618,0.21156691042401357,1.0,861.4939229671993,1029.7486149875158,0.00018026697580000652,36.243221600858675
2822.0,501.5972399898195,0.008892189672331397,0.21164409152023925,1.0,861.372430257436,1029.7460149177753,0.00018037396212749004,36.26473152611281
2824.0,501.17395180677903,0.008891608314571569,0.211721393626255,1.0,861.2507356987928,1029.7434128490893,0.0001804809193531911,36.286235600365416
2826.0,500.75050901952653,0.008891027685600537,0.21179881714198365,1.0,861.1288386175676,1029.740808776239,0.00018058784747435866,36.307733823063394
2828.0,500.32691138524257,0.008890447787997037,0.21187636246927943,1.0,861.0067383366979,1029.7382026939842,0.00018069474648821818,36.32922619364891
2830.0,499.90315866030403,0.00888986862435322,0.21195403001193838,1.0,860.8844341757421,1029.7355945970621,0.00018080161639197155,36.35071271155939
2832.0,499.4792506002801,0.00888929019727477,0.21203182017571717,1.0,860.7619254508489,1029.732984480189,0.000180908457182797,36.37219337622752
2834.0,499.0551869599287,0.008888712509380947,0.21210973336833422,1.0,860.6392114747499,1029.7303723380583,0.00018101526885784883,36.393668187081154
2836.0,498.63096749319203,0.008888135563304728,0.21218776999949251,1.0,860.5162915567226,1029.7277581653414,0.00018112205141425743,36.41513714354336
2838.0,498.206591953193,0.008887559361692884,0.21226593048089087,1.0,860.393165002571,1029.7251419566874,0.00018122880484912912,36.436600245032345
2840.0,497.78206009223123,0.008886983907206065,0.21234421522623118,1.0,860.2698311146094,1029.7225237067232,0.00018133552915954596,36.45805749096145
2842.0,497.35737166177876,0.008886409202518918,0.21242262465123987,1.0,860.1462891916274,1029.7199034100533,0.00018144222434256569,36.47950888073912
2844.0,496.93252641247625,0.008885835250320159,0.21250115917367282,1.0,860.0225385288785,1029.7172810612594,0.00018154889039522152,36.50095441376888
2846.0,496.5075240941289,0.008885262053312689,0.21257981921333502,1.0,859.8985784180464,1029.7146566549,0.00018165552731452212,36.522394089449314
2848.0,496.0823644557022,0.008884689614213704,0.2126586051920931,1.0,859.7744081472234,1029.7120301855107,0.00018176213509745137,36.54382790717401
2850.0,495.657047245318,0.008884117935754747,0.21273751753388398,1.0,859.6500270008929,1029.709401647605,0.0001818687137409683,36.5652558663316
2852.0,495.2315722102502,0.008883547020681878,0.212816556664738,1.0,859.5254342598906,1029.7067710356725,0.0001819752632420069,36.58667796630562
2854.0,494.8059390969207,0.008882976871755707,0.2128957230127808,1.0,859.4006292013983,1029.7041383441795,0.00018208178359747603,36.60809420647461
2856.0,494.38014765089514,0.008882407491751535,0.2129750170082563,1.0,859.2756110989046,1029.7015035675686,0.00018218827480425927,36.62950458621199
2858.0,493.9541976168786,0.008881838883459458,0.21305443908353824,1.0,859.1503792221849,1029.6988667002597,0.00018229473685921479,36.6509091048861
2860.0,493.5280887387115,0.008881271049684447,0.2131339896731424,1.0,859.0249328372778,1029.6962277366483,0.00018240116975917515,36.672307761860104
2862.0,493.10182075936524,0.008880703993246492,0.21321366921374615,1.0,858.8992712064527,1029.6935866711067,0.00018250757350094727,36.693700556492026
2864.0,492.6753934209377,0.008880137716980646,0.21329347814419192,1.0,858.7733935881988,1029.6909434979823,0.00018261394808131222,36.71508748813469
2866.0,492.24880646464936,0.008879572223737206,0.213373416905516,1.0,858.64729923718,1029.6882982115992,0.00018272029349702506,36.7364685561357
2868.0,491.82205963083834,0.008879007516381772,0.21345348594095387,1.0,858.5209874042215,1029.6856508062572,0.00018282660974481478,36.7578437598374
2870.0,491.3951526589564,0.008878443597795351,0.21353368569595418,1.0,858.3944573362837,1029.6830012762312,0.00018293289682138407,36.77921309857686
2872.0,490.9680852875645,0.008877880470874518,0.21361401661820242,1.0,858.2677082764249,1029.6803496157725,0.00018303915472340924,36.80057657168584
2874.0,490.5408572543281,0.008877318138531445,0.21369447915762194,1.0,858.1407394637921,1029.6776958191067,0.00018314538344754003,36.821934178490764
2876.0,490.11346829601285,0.008876756603694112,0.21377507376640636,1.0,858.0135501335714,1029.6750398804356,0.00018325158299039947,36.843285918312674
2878.0,489.68591814848,0.008876195869306332,0.2138558008990199,1.0,857.8861395169812,1029.6723817939358,0.00018335775334858378,36.864631790467236
2880.0,489.258206546682,0.008875635938327915,0.21393666101222075,1.0,857.7585068412324,1029.6697215537579,0.00018346389451866216,36.88597179426467
2882.0,488.8303332246576,0.008875076813734766,0.21401765456507488,1.0,857.6306513295049,1029.667059154029,0.00018357000649717666,36.90730592900976
2884.0,488.4022979155274,0.008874518498518995,0.21409878201896934,1.0,857.5025722009213,1029.6643945888495,0.00018367608928064206,36.92863419400178
2886.0,487.9741003514895,0.008873960995689045,0.21418004383763137,1.0,857.3742686705147,1029.661727852295,0.00018378214286554568,36.94995658853449
2888.0,487.5457402638142,0.008873404308269823,0.21426144048714527,1.0,857.2457399491989,1029.6590589384148,0.00018388816724834722,36.971273111896124
2890.0,487.1172173828399,0.008872848439302772,0.21434297243596248,1.0,857.1169852437479,1029.6563878412335,0.00018399416242547868,36.9925837633693
2892.0,486.688531437968,0.008872293391846033,0.21442464015492138,1.0,856.9880037567617,1029.6537145547486,0.0001841001283933441,37.01388854223106
2894.0,486.2596821576581,0.008871739168974574,0.21450644411727005,1.0,856.8587946866286,1029.6510390729327,0.00018420606514831954,37.03518744775277
2896.0,485.8306692694236,0.008871185773780252,0.21458838479866732,1.0,856.7293572275164,1029.648361389731,0.00018431197268675272,37.05648047920016
2898.0,485.40149249982625,0.00887063320937201,0.21467046267721657,1.0,856.5996905693194,1029.6456814990631,0.0001844178510049631,37.07776763583323
2900.0,484.9721515744718,0.00887008147887596,0.21475267823347188,1.0,856.4697938976428,1029.642999394822,0.0001845237000992415,37.09904891690625
2902.0,484.54264621800485,0.008869530585435487,0.21483503195045303,1.0,856.3396663937756,1029.6403150708738,0.0001846295199658501,37.1203243216677
2904.0,484.11297615410393,0.013934022117961931,0.5943390588955484,1.0,220.7860158268549,1029.6376285210579,0.00018469685551877866,37.1338623385761
2906.0,482.92429803631285,0.01413355220125158,0.606261395597431,1.0,211.5210304739383,1029.630189946403,0.00018476322617095556,37.14720635926522
2908.0,481.71177524511796,0.01425460769696481,0.6105126922648595,1.0,206.13395374551072,1029.6225926266125,0.00018482901921031199,37.160434249146924
2910.0,480.49074986058827,0.014351716179243447,0.6138017976521518,1.0,201.93538186761612,1029.6149322366573,0.00018489435331909646,37.173569869646805
2912.0,479.263146265284,0.014435917793471321,0.6166119342857648,1.0,198.38093768838976,1029.607220594684,0.00018495929277062174,37.186626143109116
2914.0,478.02992239671244,0.014511754947919054,0.6191124728353452,1.0,195.24641528081767,1029.5994634944443,0.00018502387942942225,37.19961148652533
2916.0,476.7916974510417,0.014581621235373408,0.6213916059440792,1.0,192.41354790245222,1029.5916646228568,0.00018508814334015724,37.21253194046522
2918.0,475.5489142391536,0.01464696104604404,0.6235023980323962,1.0,189.81089930087506,1029.583826571168,0.00018515210740825054,37.22539211013362
2920.0,474.3019094430888,0.01470872511541159,0.6254797294740322,1.0,187.39140599860144,1029.5759512719267,0.00018521578983579984,37.23819565511742
2922.0,473.05094998414074,0.014767578522186782,0.6273479821214931,1.0,185.12211805759287,1029.5680402249038,0.0001852792055320709,37.25094557296968
2924.0,471.79625401989773,0.014824008017092882,0.6291249924112818,1.0,182.97890251543393,1029.5600946273623,0.00018534236699461557,37.26364437636105
2926.0,470.5380040350752,0.014878382500896544,0.6308242745694211,1.0,180.94345734468416,1029.552115455176,0.00018540528489195348,37.27629421022972
2928.0,469.27635548593634,0.01493098945360865,0.6324563580807464,1.0,179.00151189398565,1029.5441035163249,0.00018546796846640525,37.28889693277225
2930.0,468.0114427697748,0.014982058059616351,0.6340296359827629,1.0,177.14168396380887,1029.5360594877905,0.0001855304258227048,37.30145417346996
2932.0,466.7433834978093,0.015031774523449812,0.6355509263566691,1.0,175.35472247267592,1029.5279839419272,0.00018559266414092877,37.313967375899
2934.0,465.47228164509596,0.015080292575182884,0.6370258573062121,1.0,173.63298773033918,1029.5198773658747,0.00018565468983748894,37.3264378300984
2936.0,464.19822993048354,0.015127740891789776,0.6384591388416844,1.0,171.97008410616766,1029.5117401762027,0.0001857165086894184,37.33886669755816
2938.0,462.92131165280017,0.015174228473285315,0.6398547597992128,1.0,170.36059379940187,1029.5035727301922,0.00018577812593205498,37.351255030858816
2940.0,461.64160213320173,0.015219848622735952,0.6412161336048283,1.0,168.7998796515286,1029.4953753346804,0.00018583954633702123,37.36360378934953
2942.0,460.3591698659921,0.015264681949033182,0.642546208241214,1.0,167.28393630423358,1029.4871482531041,0.00018590077427533262,37.37591385183621
2944.0,459.0740774495097,0.015308798670463994,0.6438475506067787,1.0,165.8092759614475,1029.4788917111869,0.0001859618137690916,37.38818602697474
2946.0,457.7863823482961,0.015352260408226957,0.6451224121969832,1.0,164.37283940411024,1029.4706059015825,0.00018602266853429098,37.400421061876735
2948.0,456.4961375239021,0.015395121601408338,0.6463727809251311,1.0,162.97192575358966,1029.4622909877107,0.0001860833420165999,37.41261964930441
2950.0,455.20339196205185,0.01543743063665726,0.6476004224971927,1.0,161.6041363711676,1029.453947106952,0.00018614383742154522,37.42478243373864
2952.0,453.90819111705747,0.015479230759824027,0.6488069138036505,1.0,160.26732956493103,1029.4455743733351,0.00018620415774016778,37.43691001653726
2954.0,452.6105772894502,0.015520560818858534,0.6499936701332475,1.0,158.95958366378056,1029.4371728798105,0.00018626430577098989,37.449002960351656
2956.0,451.3105899491837,0.015561455874616542,0.6511619675503091,1.0,157.67916664385587,1029.4287427001907,0.00018632428413894832,37.46106179293333
2958.0,450.00826601408306,0.01560194770717473,0.6523129614460486,1.0,156.42451094021408,1029.4202838908145,0.00018638409531181128,37.47308701043453
2960.0,448.70364009119095,0.015642065238691823,0.653447702033965,1.0,155.19419240140726,1029.411796491983,0.000186443741614493,37.48507908028632
2962.0,447.39674468712303,0.015681834889025654,0.6545671473827173,1.0,153.98691258352892,1029.4032805292052,0.0001865032252415996,37.49703844372092
2964.0,446.0876103923576,0.015721280876723316,0.655672174448351,1.0,152.8014837581776,1029.3947360142815,0.00018656254826847747,37.50896551799299
2966.0,444.7762660434609,0.015760425475298014,0.6567635884687806,1.0,151.6368161426877,1029.3861629462551,0.00018662171266098615,37.520860698344556
2968.0,443.46273886652335,0.015799289232647975,0.6578421310081113,1.0,150.49190696290992,1029.3775613122436,0.00018668072028417846,37.532724359750134
2970.0,442.1470546045071,0.015837891159893928,0.6589084868805738,1.0,149.36583103707852,1029.368931088174,0.0001867395729100405,37.5445568584729
2972.0,440.829237630746,0.015876248894686546,0.6599632901390244,1.0,148.25773263000232,1029.3602722394314,0.0001867982722244177,37.55635853345718
2974.0,439.50931105046794,0.01591437884307938,0.6610071292779516,1.0,147.16681837422885,1029.351584721435,0.00018685681983323383,37.56812970757882
2976.0,438.18729679191205,0.015952296303307703,0.6620405517733216,1.0,146.09235109224113,1029.3428684801477,0.0001869152172680932,37.57987068877151
2978.0,436.8632156883654,0.015990015574217056,0.6630640680597215,1.0,145.03364438337795,1029.334123452531,0.00018697346599134192,37.591581771044346
2980.0,435.53708755224596,0.016027550050606142,0.6640781550277541,1.0,143.99005786290803,1029.3253495669508,0.00018703156740065372,37.60326323540389
2982.0,434.20893124219043,0.01606491230736543,0.6650832591105715,1.0,142.96099295973926,1029.3165467435388,0.00018708952283319602,37.61491535069169
2984.0,432.8787647239693,0.016102114173980765,0.6660797990170468,1.0,141.9458891947093,1029.307714894516,0.0001871473335694243,37.62653837434719
2986.0,431.54660512593523,0.016139166800718946,0.667068168159814,1.0,140.94422087395475,1029.2988539244825,0.00018720500083654616,37.638132553104214
2988.0,430.2124687896156,0.016176080717604232,0.6680487368188114,1.0,139.95549414216705,1029.2899637306755,0.00018726252581169092,37.64969812362817
2990.0,428.876371315978,0.016212865887125078,0.6690218540747392,1.0,138.97924434899443,1029.2810442032012,0.00018731990962481636,37.6612353131005
2992.0,427.53832760782853,0.016249531751468753,0.6699878495416615,1.0,138.01503368886895,1029.2720952252425,0.00018737715336137947,37.6727443397556
2994.0,426.1983519087452,0.016286087274964462,0.670947034923695,1.0,137.06244908035833,1029.263116673244,0.00018743425806479555,37.6842254133753
2996.0,424.8564578388978,0.01632254098231863,0.6718997054171737,1.0,136.1211002559821,1029.2541084170766,0.00018749122473870632,37.695678735744806
2998.0,423.5126584280635,0.016358900993142664,0.6728461409766344,1.0,135.19061803753831,1029.2450703201864,0.0001875480543490758,37.70710450107409
3000.0,422.1669661461102,0.01639517505320648,0.6737866074604937,1.0,134.27065277537173,1029.2360022397236,0.00018760474782613025,37.71850289638798
3002.0,420.8193929311892,0.016431370562790856,0.6747213576701111,1.0,133.360872932956,1029.2269040266603,0.00018766130606615654,37.72987410188765
3004.0,419.469950215849,0.0164674946024642,0.6756506322941569,1.0,132.4609638005771,1029.2177755258917,0.00018771772993317223,37.74121829128647
3006.0,418.1186489512607,0.016503553956565987,0.6765746607686496,1.0,131.5706263240237,1029.2086165763262,0.0001877740202604784,37.75253563212213
3008.0,416.7654996297234,0.01653955513464386,0.6774936620617125,1.0,130.68957603596647,1029.1994270109635,0.00018783017785210565,37.763826286047426
3010.0,415.4105123056,0.016575504391060744,0.6784078453909862,1.0,129.81754207923018,1029.1902066569626,0.0001878862034841627,37.77509040910136
3012.0,414.053696614818,0.01661140774296153,0.6793174108806499,1.0,128.95426631249245,1029.1809553356984,0.00018794209790609515,37.786328151962245
3014.0,412.6950617930567,0.016647270986766737,0.6802225501641922,1.0,128.0995024900581,1029.1716728628116,0.0001879978618418627,37.79753966018437
3016.0,411.33461669272833,0.016683099713340338,0.6811234469383285,1.0,127.25301550835304,1029.1623590482477,0.00018805349599104073,37.808725074419485
3018.0,409.9723697988517,0.016718899321962244,0.6820202774728553,1.0,126.4145807126237,1029.153013696288,0.00018810900102985255,37.819884530624336
3020.0,408.608329243906,0.016754675033221016,0.6829132110806788,1.0,125.58398325806571,1029.1436366055768,0.00018816437761213782,37.83101816025536
3022.0,407.2425028217446,0.016790431900929655,0.6838024105517932,1.0,124.76101752024908,1029.1342275691366,0.0001882196263702619,37.84212609045154
3024.0,405.874898000641,0.016826174823155775,0.6846880325545559,1.0,123.94548655027339,1029.1247863743783,0.00018827474791597069,37.853208444206246
3026.0,404.5055219355319,0.01686190855244782,0.6855702280072583,1.0,123.13720157057352,1029.1153128031083,0.00018832974284119504,37.86426534052896
3028.0,403.13438147951734,0.016897637705330294,0.6864491424226686,1.0,122.33598150773018,1029.105806631525,0.00018838461171880825,37.87529689459758
3030.0,401.761483194672,0.016933366771133312,0.6873249162279409,1.0,121.54165255902156,1029.096267630212,0.00018843935510334022,37.886303217902054
3032.0,400.3868333622161,0.01696910012021516,0.688197685062047,1.0,120.75404778978363,1029.0866955641263,0.0001884939735316513,37.89728441837975
3034.0,399.010437992092,0.01700484201163053,0.6890675800526571,1.0,119.97300675894692,1029.0770901925791,0.00018854846752356847,37.90824060054348
3036.0,397.6323028319867,0.017040596600291905,0.6899347280742205,1.0,119.19837517037585,1029.0674512692153,0.00018860283758248664,37.91917186560231
3038.0,396.2524333758382,0.01707636794366698,0.6907992519888068,1.0,118.43000454787229,1029.0577785419837,0.00018865708419593734,37.93007831157592
3040.0,394.8708348718606,0.017112160008050895,0.6916612708711379,1.0,117.6677519319068,1029.0480717531061,0.00018871120783612688,37.94096003340284
3042.0,393.4875123301183,0.017147976674447975,0.6925209002190835,1.0,116.91147959633501,1029.0383306390415,0.00018876520896044617,37.95181712304287
3044.0,392.10247052968015,0.01718382174409529,0.6933782521507961,1.0,116.16105478350394,1029.028554930443,0.0001888190880119538,37.96264966957432
3046.0,390.71571402537853,0.017219698943656336,0.6942334355895305,1.0,115.41634945631856,1029.018744352115,0.0001888728454198343,37.973457759286
3048.0,389.3272471541995,0.01725561193011142,0.695086556437119,1.0,114.67724006595552,1029.0088986229614,0.00018892648159983292,37.984241475764776
3050.0,387.9370740413252,0.01729156429536847,0.6959377177369676,1.0,113.9436073340343,1028.9990174559346,0.00018897999695466857,37.9950008999785
3052.0,386.5451986058513,0.017327559570616092,0.6967870198273777,1.0,113.21533604816386,1028.9891005579766,0.00018903339187442602,38.005736110354896
3054.0,385.1516245661965,0.017363601230438733,0.6976345604859137,1.0,112.49231486987118,1028.9791476299583,0.0001890866667369289,38.01644718285654
3056.0,383.7563554452247,0.017399692696712352,0.6984804350654905,1.0,111.77443615400752,1028.9691583666145,0.00018913982190809427,38.027134191052184
3058.0,382.35939457509375,0.017435837342296756,0.6993247366227774,1.0,111.06159577881118,1028.9591324564742,0.00018919285774227025,38.03779720618458
3060.0,380.9607451018482,0.01747203849454061,0.7001675560394892,1.0,110.35369298585726,1028.9490695817888,0.0001892457745825572,38.048436297235085
3062.0,379.5604099897692,0.017508299438612433,0.7010089821370646,1.0,109.65063022921159,1028.9389694184545,0.00018929857276111375,38.05905153098523
3064.0,378.15839202549506,0.017544623420671073,0.7018491017852125,1.0,108.95231303314104,1028.928831635933,0.00018935125259944858,38.06964297207527
3066.0,376.75469382192466,0.017581013650887094,0.7026880000047458,1.0,108.25864985780078,1028.918655897167,0.0001894038144086981,38.08021068306015
3068.0,375.3493178219152,0.017617473306326365,0.7035257600651151,1.0,107.56955197235389,1028.9084418584919,0.00018945625848989172,38.090754724462734
3070.0,373.94226630178497,0.01765400553370579,0.7043624635769977,1.0,106.88493333502937,1028.8981891695457,0.0001895085851342046,38.10127515482466
3072.0,372.533541374631,0.01769061345203057,0.7051981905802857,1.0,106.20471047965854,1028.8878974731722,0.00018956079462319891,38.111772030754885
3074.0,371.1231449934704,0.01772730015512162,0.7060330196277835,1.0,105.52880240826997,1028.877566405322,0.0001898076116279717,38.1613953372931
3076.0,369.7110789542148,0.01776032149351525,0.7068049094146281,1.0,104.85713048934589,1028.8671955949512,0.0001900553490006109,38.2112036865791
3078.0,368.2974691353856,0.017793385995830555,0.7075747465422625,1.0,104.18967680635758,1028.856785580044,0.00019030400966034753,38.26119766553312
3080.0,366.88231964230107,0.01782649632978763,0.7083432898048657,1.0,103.52636712600602,1028.8463360020564,0.00019055359660783905,38.31137787744643
3082.0,365.4656330626913,0.01785965517597459,0.7091106164320706,1.0,102.86712868089111,1028.8358464853607,0.00019080411292609484,38.36174494216743
3084.0,364.0474118298272,0.017892865193487564,0.7098767947213805,1.0,102.21189073551959,1028.825316647113,0.00019105556178044135,38.412299496094555
3086.0,362.62765824038445,0.01792612902147348,0.710641891705282,1.0,101.56058451395158,1028.814746097256,0.00019130794641852714,38.46304219217742
3088.0,361.2063744569739,0.017959449281008955,0.7114059732975798,1.0,100.91314312417792,1028.8041344384037,0.00019156127017037796,38.51397369992777
3090.0,359.7835625103787,0.017992828576918193,0.7121691043521954,1.0,100.2695014861152,1028.7934812657213,0.0001918155364485006,38.56509470544044
3092.0,358.3592243016743,0.018026269499529828,0.7129313487185727,1.0,99.6295962630837,1028.7827861668015,0.00019207074874803476,38.616405911423854
3094.0,356.9333616042372,0.018059774626377097,0.7136927692947898,1.0,98.99336579656331,1028.772048721538,0.00019232691064695171,38.667908037239975
3096.0,355.5059760656476,0.018093346523845474,0.7144534280785323,1.0,98.36075004403776,1028.7612685019933,0.00019258402580629909,38.71960181895352
3098.0,354.0770692094905,0.0181269877487715,0.7152133862160623,1.0,97.7316905197518,1028.7504450722627,0.00019284209797049067,38.77148800939023
3100.0,352.6466424370584,0.018160700849996648,0.7159727040493095,1.0,97.10613023821294,1028.7395779883348,0.000193101130967641,38.823567378204125
3102.0,351.2146970289598,0.018194488369879483,0.7167314411612007,1.0,96.48401366028591,1028.7286667979477,0.0001933611287099437,38.875840711953586
3104.0,349.7812341466374,0.01822835284576926,0.7174896564193362,1.0,95.86528664173653,1028.71771104044,0.0001936220951940934,38.928308814186174
3106.0,348.34625483379875,0.018262296811444288,0.7182474080181218,1.0,95.24989638408587,1028.706710246599,0.00019388403450175027,38.98097250553204
3108.0,346.9097600177625,0.01829632279851758,0.7190047535194481,1.0,94.63779138765517,1028.695663938502,0.0001941469508000476,39.03383262380594
3110.0,345.4717505107236,0.018330433337812868,0.719761749892012,1.0,94.02892140667576,1028.6845716293562,0.00019441084834214122,39.08689002411776
3112.0,344.0322270109396,0.018364630960713196,0.7205184535493645,1.0,93.42323740636117,1028.67343282333,0.00019467573146780107,39.14014557899137
3114.0,342.59119010384086,0.01839891820048493,0.7212749203867694,1.0,92.82069152183115,1028.6622470153825,0.0001949416046040447,39.193600178492076
3116.0,341.1486402630673,0.01843329759357918,0.7220312058169416,1.0,92.22123701879505,1028.6510136910883,0.00019520847226581225,39.24725473036227
3118.0,339.70457785143344,0.018467771680913136,0.7227873648047494,1.0,91.62482825589984,1028.6397323264534,0.00019547633905668332,39.30111016016558
3120.0,338.2590031218239,0.018502343009133303,0.7235434519009406,1.0,91.03142064865911,1028.6284023877313,0.0001957452096696353,39.35516741143931
3122.0,336.811916218022,0.0185370141318627,0.7242995212749568,1.0,90.44097063488208,1028.6170233312291,0.0001960150888878435,39.409427445855364
3124.0,335.3633171754721,0.018571787610934008,0.7250556267469048,1.0,89.85343564152609,1028.6055946031106,0.00019628598158552308,39.46389124338946
3126.0,333.9132059219783,0.01860666601761065,0.7258118218187375,1.0,89.26877405290062,1028.5941156391941,0.00019655789272881303,39.518559802498885
3128.0,332.46158227834087,0.018641651933797413,0.7265681597047023,1.0,88.68694518015812,1028.5825858647422,0.0001968308273767022,39.573434140308684
3130.0,331.0084459589315,0.018676747953242447,0.7273246933611075,1.0,88.10790923200733,1028.5710046942486,0.00019710479068199799,39.628515292806384
3132.0,329.55379657220925,0.018711956682732636,0.7280814755154639,1.0,87.53162728658562,1028.5593715312161,0.00019737978789233777,39.68380431504537
3134.0,328.0976336211783,0.018747280743283433,0.7288385586950418,1.0,86.9580612644417,1028.547685767931,0.00019765582435124352,39.73930228135695
3136.0,326.63995650378826,0.018782722771325207,0.7295959952548935,1.0,86.38717390256951,1028.5359467852286,0.00019793290549922015,39.79501028557109
3138.0,325.18076451327846,0.01881828541988763,0.73035383740539,1.0,85.81892872944398,1028.5241539522535,0.00019821103687489778,39.850929441246166
3140.0,323.72005683846766,0.01885397135978337,0.7311121372393047,1.0,85.25329004101448,1028.5123066262136,0.00019849022411621886,39.90706088190758
3142.0,322.25783256398904,0.018889783280792955,0.7318709467584953,1.0,84.69022287760735,1028.5004041521256,0.00019877047296167045,39.96340576129557
3144.0,320.79409067047203,0.018925723892851857,0.7326303179002154,1.0,84.12969300169941,1028.488445862555,0.00019905178925156227,40.01996525362206
3146.0,319.3288300346716,0.018961795927241735,0.7333903025630999,1.0,83.57166687651745,1028.476431077347,0.00019933417892935157,40.076740553837155
3148.0,317.86204942954544,0.01899800213778687,0.7341509526328576,1.0,83.01611164543023,1028.4643591033514,0.00019961764804301505,40.13373287790489
3150.0,316.3937475242797,0.019034345302057398,0.7349123200077077,1.0,82.46299511209513,1028.4522292341387,0.000199902202746469,40.19094346308878
3152.0,314.9239228842643,0.01907082822258077,0.7356744566235967,1.0,81.9122857213251,1028.4400407497092,0.00020018784930103846,40.24837356824719
3154.0,313.4525739710171,0.01910745372806268,0.7364374144792251,1.0,81.36395254064581,1028.4277929161904,0.00020047459407697614,40.30602447413872
3156.0,311.9796991420587,0.01914422467461908,0.7372012456609239,1.0,80.81796524250942,1028.4154849855327,0.00020076244355503214,40.36389748373782
3158.0,310.50529665073685,0.019181143947020498,0.7379660023674066,1.0,80.27429408713887,1028.403116195188,0.0002010514043280757,40.42199392256084
3160.0,309.029364646002,0.019218214459950093,0.7387317369344298,1.0,79.73290990597415,1028.3906857677855,0.00020134148310276963,40.48031513900261
3162.0,307.55190117213317,0.01925543915927697,0.739498501859399,1.0,79.19378408569332,1028.3781929107952,0.00020163268670129886,40.53886250468412
3164.0,306.07290416841437,0.01929282102334599,0.7402663498259408,1.0,78.65688855278555,1028.3656368161828,0.00020192502206315435,40.59763741481103
3166.0,304.5923714687625,0.01933036306428557,0.7410353337284805,1.0,78.12219575865191,1028.3530166600528,0.00020221849624697325,40.65664128854373
3168.0,303.1103008013055,0.019368068329335065,0.7418055066968497,1.0,77.58967866520945,1028.3403316022848,0.0002025131164324371,40.715875569378944
3170.0,301.6266897879118,0.019405939902192807,0.7425769221209543,1.0,77.05931073098218,1028.3275807861546,0.00020280888992222913,40.775341725543264
3172.0,300.1415359436699,0.019443980904386836,0.7433496336755353,1.0,76.53106589765177,1028.314763337949,0.0002031058241440521,40.83504125039882
3174.0,298.65483667631884,0.019482194496669096,0.7441236953450452,1.0,76.00491857705725,1028.301878366565,0.00020340392665270848,40.89497566286154
3176.0,297.16658928562873,0.01952058388043547,0.7448991614486778,1.0,75.48084363861578,1028.288924963101,0.0002037032051322442,40.95514650783214
3178.0,295.6767909627314,0.019559152299172444,0.7456760866655737,1.0,74.95881639715574,1028.2759022004323,0.00020400366739815805,41.01555535664033
3180.0,294.1854387894002,0.019597903039932498,0.7464545260602337,1.0,74.43881260113973,1028.2628091327774,0.00020430532139967784,41.07620380750244
3182.0,292.69252973727976,0.019636839434839615,0.7472345351081685,1.0,73.92080842126383,1028.2496447952497,0.00020460817522210595,41.137093485993006
3184.0,291.19806066706343,0.019675964862626648,0.748016169721815,1.0,73.40478043941825,1028.2364082033944,0.00020491223708923547,41.19822604553054
3186.0,289.7020283276198,0.019715282750206342,0.7487994862767524,1.0,72.8907056379928,1028.2230983527156,0.0002052175153658393,41.259603167877984
3188.0,288.2044293550663,0.019754796574277478,0.7495845416382373,1.0,72.37856138951729,1028.209714218185,0.00020552401856023408,41.32122656365817
3190.0,286.7052602717898,0.01979450986296842,0.7503713931881052,1.0,71.86832544661867,1028.1962547537373,0.00020583175532692133,41.38309797288485
3192.0,285.2045174854136,0.01983442619751945,0.7511600988520525,1.0,71.35997593228679,1028.182718891752,0.00020614073446930783,41.44521916550962
3194.0,283.7021972877095,0.019874549214006113,0.7519507171273428,1.0,70.85349133043428,1028.1691055425172,0.00020645096494250768,41.507591941985304
3196.0,282.19829585345485,0.0199148826051056,0.7527433071109674,1.0,70.34885047673866,1028.155413593676,0.0002067624558562286,41.57021813384623
3198.0,280.69280923923293,0.019955430121907876,0.7535379285282835,1.0,69.84603254975858,1028.1416419096604,0.00020707521647774478,41.63309960430597
3200.0,279.18573338217635,0.019996195575774048,0.7543346417621787,1.0,69.34501706231052,1028.1277893311028,0.00020738925623495935,41.69623824887299
3202.0,277.677064098652,0.020037182840244052,0.7551335078827853,1.0,68.84578385309688,1028.1138546742322,0.00020770458471955876,41.7596359959849
3204.0,276.16679708288643,0.02007839585299587,0.7559345886777827,1.0,68.34831307857672,1028.099836730251,0.00020802121169026243,41.82329480766183
3206.0,274.6549279055309,0.0201198386178587,0.7567379466833279,1.0,67.8525852050688,1028.0857342646907,0.0002083391470761704,41.88721668017941
3208.0,273.1414520121642,0.020161515206882603,0.7575436452156438,1.0,67.35858100107822,1028.0715460167505,0.0002086584009802124,41.951403644762266
3210.0,271.62636472173295,0.02020342976246699,0.7583517484033109,1.0,66.86628152983945,1028.0572706986115,0.0002089789836827013,42.015857768298446
3212.0,270.10966122492636,0.020245586499550897,0.7591623212203005,1.0,66.37566814206488,1028.0429069947324,0.00020930090564499478,42.0805811540756
3214.0,268.5913365824858,0.02028798970786749,0.7599754295197854,1.0,65.8867224688944,1028.02845356112,0.0002096241775132685,42.145575942539615
3216.0,267.0713857234462,0.020330643754265992,0.7607911400687781,1.0,65.39942641503535,1028.013909024577,0.0002099488101224048,42.21084431207638
3218.0,265.54980344330863,0.020373553085103743,0.7616095205836354,1.0,64.91376215208825,1027.9992719819284,0.00021027481450000042,42.27638847981766
3220.0,264.02658440214134,0.020416722228711756,0.7624306397664744,1.0,64.42971211204954,1027.9845409992176,0.000210602201870498,42.34221070247163
3222.0,262.5017231226084,0.020460155797936915,0.7632545673425511,1.0,63.94725898098529,1027.9697146108813,0.0002109309836594448,42.4083132771792
3224.0,260.97521398792327,0.020503858492764204,0.764081374098646,1.0,63.46638569287025,1027.9547913188942,0.0002112611714978839,42.47469854239679
3226.0,259.44705123972597,0.02054783510302267,0.7649111319225127,1.0,62.9870754235842,1027.9397695918879,0.00021159277722688192,42.54136887880673
3228.0,257.91722897588096,0.020592090511178624,0.7657439138434353,1.0,62.50931158506186,1027.9246478642374,0.00021192581290219845,42.60832671025601
3230.0,256.3857411481941,0.020636629695220222,0.7665797940739584,1.0,62.033077819588456,1027.909424535122,0.00021226029079910214,42.67557450472459
3232.0,254.85258156004616,0.02068145773163722,0.7674188480528368,1.0,61.55835799423789,1027.8940979675506,0.00021259622341733892,42.74311477532423
3234.0,253.31774386394048,0.020726579798500445,0.7682611524892767,1.0,61.08513619544546,1027.8786664873558,0.00021293362348625758,42.81095008132908
3236.0,251.78122155896193,0.020772001178645316,0.7691067854085217,1.0,60.61339672371157,1027.8631283821544,0.0002132725039700988,42.87908302923903
3238.0,250.24300798814488,0.020817727262963968,0.7699558261988495,1.0,60.14312408843206,1027.8474819002734,0.00021361287807345364,42.94751627387707
3240.0,248.70309633574718,0.020863763553811067,0.770808355660052,1.0,59.67430300284919,1027.8317252496358,0.00021395475924689762,43.01625251952219
3242.0,247.16147962442707,0.02091011566852853,0.7716644560534717,1.0,59.20691837911774,1027.8158565966137,0.0002142981611928073,43.0852945210787
3244.0,245.61815071232013,0.020956789343094223,0.772524211153656,1.0,58.74095532348471,1027.7998740648359,0.00021464309787136624,43.15464508528379
3246.0,244.07310229001283,0.021003790435900616,0.7733877063017256,1.0,58.27639913157537,1027.783775733959,0.00021498958350676722,43.22430707195451
3248.0,242.5263268774094,0.02105112493166917,0.7742550284605227,1.0,57.813235283783214,1027.767559638392,0.00021533763259361908,43.29428339527589
3250.0,240.97781682048836,0.021098798945506866,0.775126266271638,1.0,57.35144944075811,1027.7512237659796,0.0002156872599035653,43.364577025131595
3252.0,239.42756428794507,0.02114681872711118,0.7760015101143958,1.0,56.89102743899107,1027.734766056635,0.00021603848049212338,43.43519098847903
3254.0,237.87556126771628,0.021195190665130745,0.7768808521668976,1.0,56.43195528648922,1027.718184400928,0.00021639130970575314,43.50612837077043
3256.0,236.32179956338248,0.021243921291688745,0.7777643864692231,1.0,55.97421915853853,1027.7014766386194,0.0002167457631891637,43.57739231742197
3258.0,234.76627079044403,0.02129301728707676,0.7786522089888899,1.0,55.5178053935508,1027.684640557146,0.0002171018568928682,43.64898603533262
3260.0,233.20896637246625,0.02134248548462715,0.7795444176886851,1.0,55.062700488990735,1027.6676738900474,0.0002174596070809966,43.720912794454996
3262.0,231.64987753708888,0.021392332875772403,0.7804411125969789,1.0,54.60889109738,1027.6505743153382,0.0002178190303393773,43.793175929420144
3264.0,230.08899531189493,0.021442566615300536,0.7813423958806487,1.0,54.15636402237431,1027.6333394538199,0.00021818014358389816,43.865778841218564
3266.0,228.52631052013365,0.021493194026815782,0.7822483719207336,1.0,53.70510621491136,1027.61596686733,0.0002185429640691592,43.93872499893985
3268.0,226.9618137762922,0.021544222608414695,0.7831591473909602,1.0,53.25510476942498,1027.5984540569266,0.0002189075093974285,44.01201794157333
3270.0,225.39549548151027,0.02159566003858813,0.784074831339275,1.0,52.80634692012313,1027.5807984610067,0.0002192737975279148,44.08566127987235
3272.0,223.82734581883173,0.021647514182360127,0.7849955352725417,1.0,52.358820037326545,1027.5629974533517,0.0002196418467863699,44.159658698284794
3274.0,222.25735474828664,0.021699793097675474,0.785921373244549,1.0,51.912511623864965,1027.5450483410998,0.00022001167587503513,44.234013956952964
3276.0,220.68551200179755,0.021752505042048433,0.7868524619475087,1.0,51.467409311526794,1027.5269483626435,0.00022038330388294685,44.30873089378543
3278.0,219.11180707790254,0.02180565847948546,0.7877889208072076,1.0,51.023500857561515,1027.5086946854435,0.00022075675029661668,44.383813426604405
3280.0,217.53622923628814,0.021859262087696053,0.7887308720820081,1.0,50.58077414122954,1027.4902844037608,0.00022113203501110295,44.45926555537164
3282.0,215.9587674921241,0.021913324765606205,0.7896784409658872,1.0,50.13921716039773,1027.471714536301,0.0002215091783414908,44.53509136449652
3284.0,214.37941061019234,0.021967855641190037,0.7906317556957257,1.0,49.69881802817797,1027.4529820237647,0.0002218882010347991,44.61129502523008
3286.0,212.79814709880088,0.022022864079636176,0.7915909476630666,1.0,49.25956496960395,1027.434083726304,0.0002222691242823338,44.687880798148555
3288.0,211.21496520347475,0.0220783596918659,0.7925561515305697,1.0,48.82144631834715,1027.4150164208786,0.00022265196973250776,44.76485303573094
3290.0,209.6298529004136,0.022134352343422113,0.7935275053534194,1.0,48.38445051346412,1027.3957767985044,0.00022303675950414862,44.84221618503453
3292.0,208.04279788970675,0.02219085216374821,0.7945051507059356,1.0,47.94856609617654,1027.376361461396,0.00022342351620031748,44.91997479047324
3294.0,206.4537875882949,0.022247869555877955,0.7954892328136705,1.0,47.51378170667862,1027.3567669199888,0.00022381226292266212,44.99813349670336
3296.0,204.86280912266756,0.02230541520655834,0.7964799006912845,1.0,47.0800860809699,1027.3369895898466,0.00022420302328632994,45.07669705162181
3298.0,203.269849321285,0.022363500096828828,0.7974773072865092,1.0,46.64746804771051,1027.317025788437,0.00022459582143546762,45.155670309482396
3300.0,201.67489470671197,0.022422135513082073,0.7984816096305323,1.0,46.21591652509599,1027.2968717317776,0.00022499068205933523,45.235058234135685
3302.0,200.0779314874509,0.022481333058632556,0.7994929689951543,1.0,45.785420517747724,1027.2765235309437,0.0002253876304090649,45.314865902398274
3304.0,198.4789455494606,0.022541104665821335,0.8005115510570886,1.0,45.35596911361785,1027.2559771884273,0.00022578669231509545,45.39509850755816
3306.0,196.87792244734644,0.022601462608686985,0.8015375260698062,1.0,44.927551480904064,1027.2352285943457,0.00022618789420531646,45.47576136302257
3308.0,195.27484739520682,0.022662419516234805,0.8025710690433441,1.0,44.500156864971764,1027.2142735224888,0.0002265912631239567,45.556859906115655
3310.0,193.66970525712014,0.022723988386338396,0.8036123599325313,1.0,44.073774585280034,1027.193107626199,0.00022699682675125503,45.63839970203329
3312.0,192.06248053725508,0.022786182600309773,0.8046615838341076,1.0,43.64839403230973,1027.1717264340716,0.0002274046134239527,45.72038644796314
3314.0,190.45315736958688,0.022849015938177387,0.8057189311932529,1.0,43.224004664487374,1027.1501253454726,0.00022781465215664985,45.80282597737848
3316.0,188.84171950720037,0.022912502594712853,0.8067845980200645,1.0,42.80059600510497,1027.1282996258585,0.0002282269726640701,45.8857242645145
3318.0,187.22815031116025,0.022976657196251218,0.8078587861165738,1.0,42.37815763922977,1027.1062444018924,0.00022864160538428133,45.96908742903696
3320.0,185.6124327389271,0.02304149481835191,0.8089417033149153,1.0,41.956679210601095,1027.083954656342,0.0002290585815029225,46.05292174091305
3322.0,183.99454933229728,0.023107031004351,0.8100335637273205,1.0,41.536150418511,1027.0614252227533,0.00022947793297849035,46.13723362549536
3324.0,182.37448220484265,0.023173281784859015,0.8111345880086368,1.0,41.116561014664974,1027.0386507798826,0.0002298996925687426,46.22202966883033
3326.0,180.75221302882537,0.023240263698262695,0.8122450036321471,1.0,40.697900800016775,1027.0156258458758,0.00023032389385827852,46.30731662320336
3328.0,179.12772302156108,0.023307993812292326,0.8133650451794866,1.0,40.280159621576715,1026.9923447721858,0.00023075057128736108,46.39310141293368
3330.0,177.50099293120212,0.023376489746722077,0.8144949546455396,1.0,39.86332736918568,1026.9688017372057,0.0002311797601820496,46.479391140432526
3332.0,175.87200302191104,0.023445769697274528,0.815634981759251,1.0,39.4473939722528,1026.9449907396106,0.00023161149678571595,46.566193092539606
3334.0,174.24073305839255,0.023515852460806667,0.8167853843213484,1.0,39.03234939645032,1026.920905591385,0.00023204581829202247,46.65351474715343
3336.0,172.60716228974985,0.023586757461859766,0.8179464285600568,1.0,38.61818364036251,1026.8965399105246,0.0002324827628794452,46.74136378017225
3338.0,170.97126943262973,0.02365850478066239,0.8191183895059628,1.0,38.20488673208174,1026.8718871133894,0.00023292236974743093,46.82974807276361
3340.0,169.3330326536178,0.023731115182682113,0.8203015513872669,1.0,37.792448725747526,1026.8469404066911,0.00023336467915428404,46.918675718981554
3342.0,167.6924295508433,0.02380461014982911,0.8214962080467659,1.0,37.38085969802208,1026.8216927790936,0.00023380973245688407,47.008155033752004
3344.0,166.04943713474975,0.023879011913422784,0.8227026633820044,1.0,36.9701097444971,1026.7961369924046,0.00023425757215234374,47.09819456124823
3346.0,164.40403180798575,0.023954343489041453,0.8239212318101443,1.0,36.56018897602439,1026.770265572333,0.0002347082419217235,47.18880308367975
3348.0,162.75618934436545,0.024030628713384426,0.8251522387592317,1.0,36.1510875149648,1026.74407079879,0.00023516178667592813,47.27998963052005
3350.0,161.105884866847,0.02410789228328657,0.8263960211876589,1.0,35.74279549134722,1026.7175446957046,0.00023561825260391927,47.371763488199775
3352.0,159.45309282447167,0.02418615979703653,0.8276529281337797,1.0,35.335303038931,1026.6906790203245,0.00023607768722338788,47.46413421029466
3354.0,157.79778696820412,0.024265457798162398,0.8289233212977806,1.0,34.928600291163235,1026.663465251973,0.00023654013943404152,47.55711162823904
3356.0,156.13994032560856,0.024345813821862478,0.8302075756580937,1.0,34.52267737702207,1026.6358945802301,0.0002370056595736725,47.65070586259856
3358.0,154.47952517429238,0.02442725644427306,0.8315060801248144,1.0,34.117524416738256,1026.6079578924982,0.00023747429947718602,47.74492733493795
3360.0,152.81651301404276,0.024509815334782515,0.8328192382328093,1.0,33.7131315173834,1026.5796457609194,0.00023794611253878087,47.839786780322626
3362.0,151.15087453757712,0.02459352131161817,0.834147468877412,1.0,33.30948876831567,1026.5509484286026,0.00023842115377749044,47.935295260495934
3364.0,149.4825795998223,0.02467840640095252,0.8354912070958626,1.0,32.906586236472094,1026.5218557951132,0.000238899479906308,48.03146417777698
3366.0,147.81159718563057,0.024764503899797535,0.8368509048979158,1.0,32.50441396149426,1026.4923574011864,0.00023938114940513796,48.12830528972773
3368.0,146.13789537583474,0.02485184844297894,0.8382270321493476,1.0,32.102961950676146,1026.4624424126077,0.000239866222597835,48.225830724641874
3370.0,144.46144131153605,0.024940476074509835,0.8396200775124211,1.0,31.702220173719084,1026.432099603208,0.00024035476173361292,48.32405299791247
3372.0,142.7822011565112,0.025030424323711397,0.841030549447732,1.0,31.302178557280214,1026.4013173369187,0.00024084683107313015,48.42298502933954
3374.0,141.10014005761573,0.025121732286461414,0.8424589772822696,1.0,30.902826979297476,1026.3700835488219,0.0002413424969795829,48.522640161444755
3376.0,139.4152221030512,0.02521444071198672,0.8439059123489645,1.0,30.50415526307484,1026.3383857251285,0.00024184182801516624,48.623032178865145
3378.0,137.7274102783533,0.025308592095655495,0.8453719292034931,1.0,30.10615317110921,1026.306210882014,0.0002423448950432937,48.72417532890465
3380.0,136.0366664199463,0.025404230778269556,0.8468576269246578,1.0,29.708810398638025,1026.2735455432303,0.00024285177133699995,48.826084343328894
3382.0,134.34295116609698,0.02550140305240521,0.8483636305052613,1.0,29.312116566887784,1026.2403757164157,0.00024336253269398913,48.92877446149592
3384.0,132.64622390508646,0.0256001572764064,0.8498905923410803,1.0,28.916061215998138,1026.2066868680047,0.00024387725755883226,49.03226145492437
3386.0,130.9464427204043,0.02570054399669394,0.8514391938262807,1.0,28.52063379759736,1026.172463896646,0.0002443960271528629,49.13656165340941
3388.0,129.24356433275173,0.025802616079122678,0.8530101470644622,1.0,28.125823667001217,1026.1376911050154,0.0002449189256123708,49.241691972807004
3390.0,127.53754403862281,0.025906428850194098,0.8546041967054477,1.0,27.731620075005164,1026.1023521699155,0.00024544604013574967,49.34766994461836
3392.0,125.82833564521192,0.026012040249016467,0.8562221219189764,1.0,27.33801215923727,1026.066430110531,0.0002459774611403158,49.45451374751884
3394.0,124.11589140137397,0.026119510990999864,0.8578647385176273,1.0,26.94498893503587,1026.029907254706,0.0002465132824295853,49.562242240989534
3396.0,122.40016192433872,0.02622890474437963,0.8595329012426023,1.0,26.552539285813932,1025.9927652030967,0.00024705360137187266,49.67087500122504
3398.0,120.68109612185351,0.0263402883207825,0.8612275062274706,1.0,26.160651952865987,1025.9549847910382,0.00024759851909115875,49.78043235950807
3400.0,118.95864110939857,0.026453731881183867,0.8629494936566209,1.0,25.769315524572644,1025.916546047947,0.0002481481406712732,49.89093544326092
3402.0,117.23274212208533,0.026569309158758096,0.8646998506370319,1.0,25.37851842495026,1025.877428154073,0.00024870257537454066,50.00240622000498
3404.0,115.50334242081126,0.026687097700295568,0.8664796143040638,1.0,24.98824890149039,1025.8376093943932,0.0002492619368761607,50.1148675444835
3406.0,113.77038319220314,0.026807179128055907,0.8682898751843435,1.0,24.598495012226763,1025.797067109413,0.00024982634351572447,50.22834320922976
3408.0,112.03380344183445,0.02692963942414829,0.8701317808415086,1.0,24.209244611962063,1025.755777642634,0.000250395918567421,50.34285799889297
3410.0,110.29353988015143,0.02705456923978218,0.8720065398336156,1.0,23.820485337578948,1025.7137162844103,0.0002509707905306559,50.45843774866786
3412.0,108.5495268004842,0.027182064232018417,0.8739154260144796,1.0,23.43220459235317,1025.6708572118985,0.00025155109344299377,50.575109407212906
3414.0,106.80169594845525,0.02731222543097958,0.875859783215171,1.0,23.044389529175973,1025.6271734247673,0.00025213696721755347,50.69290110448449
3416.0,105.04997638202491,0.02744515964085283,0.8778410303463902,1.0,22.65702703258461,1025.5826366763142,0.0002527285580072258,50.811842224964074
3418.0,103.29429432133213,0.027580979878449468,0.8798606669676017,1.0,22.270103699488,1025.5372173995822,0.00025332601859836195,50.93196348681046
3420.0,101.53457298739693,0.02771980585358026,0.8819202793747356,1.0,21.883605818460985,1025.4908846280468,0.00025392950883689364,51.05329702753245
3422.0,99.77073242864746,0.027861764496075123,0.8840215472650408,1.0,21.49751934746788,1025.4436059103841,0.00025453919609020324,51.17587649684929
3424.0,98.00268933411738,0.02800699053493495,0.8861662510455358,1.0,21.111829889858054,1025.3953472187866,0.0002551552557484721,51.29973715748832
3426.0,96.2303568320263,0.028155627135865342,0.8883562798605402,1.0,20.72652266845878,1025.346072850235,0.0002557778717697007,51.42491599476281
3428.0,94.45364427230523,0.02830782660432804,0.8905936404242648,1.0,20.34158249756841,1025.2957453200654,0.00025640723727313186,51.55145183588158
3430.0,92.6724569914567,0.02846375116227604,0.8928804667566116,1.0,19.9569937526298,1025.2443252471062,0.0002570435551864248,51.6793854800653
3432.0,90.88669605794348,0.028623573807942965,0.8952190309345296,1.0,19.572740337334864,1025.1917712295633,0.0002576870389526388,51.808759840687635
3434.0,89.09625799607443,0.028787479269466416,0.8976117549878369,1.0,19.188805647880073,1025.1380397107548,0.0002583379133039081,51.939620100825024
3436.0,87.30103448609876,0.028955665064781155,0.9000612240878398,1.0,18.8051725340557,1025.083084833673,0.00025899641510964506,52.07201388379039
3438.0,85.50091203792307,0.029128342682169656,0.9025702011998947,1.0,18.42182325680902,1025.0268582832439,0.00025966279430821634,52.20599144044956
3440.0,83.69577163552329,0.029305738898165144,0.9051416433979779,1.0,18.03873944187231,1024.969309115006,0.00026033731493233506,52.34160585537937
3442.0,81.88548834872734,0.029488097252239675,0.9077787200711575,1.0,17.655902028990326,1024.9103835687763,0.0002610202562399257,52.47891327423155
3444.0,80.06993090858502,0.02967567970097088,0.9104848332896801,1.0,17.27329121621368,1024.8500248656896,0.00026171191396400135,52.61797315502431
3446.0,78.24896124200566,0.029868768478276957,0.9132636406434385,1.0,16.890886398648856,1024.788172986783,0.0002624126016971918,52.758848546505874
3448.0,76.42243396071879,0.030067668192986882,0.9161190809195138,1.0,16.5086661009625,1024.7247644310619,0.00026312265242904495,52.90160639723366
3450.0,74.59019579887976,0.030272708200646852,0.9190554030502386,1.0,16.126607902831623,1024.6597319506998,0.0002638424202571736,53.046317899605434
3452.0,72.75208499277929,0.03048424529328329,0.922077198841386,1.0,15.74468835640417,1024.5930042606963,0.0002645722822968374,53.193058873786626
3454.0,70.90793059509652,0.030702666759131993,0.9251894400847624,1.0,15.362882894683917,1024.5245057199477,0.0002653126408177616,53.34191019732416
3456.0,69.05755171492699,0.030928393874466796,0.928397520774762,1.0,14.98116572957562,1024.4541559802299,0.0002660639256420585,53.49295828725585
3458.0,67.20075667337747,0.03116188590208841,0.9317073052894616,1.0,14.599509738111928,1024.3818695990785,0.0002668265968432398,53.646295642755035
3460.0,65.33734206279854,0.0314036446863666,0.9351251835702503,1.0,14.2178863351278,1024.3075556119404,0.00026760114779373885,53.80202145784408
3462.0,63.46709169565804,0.03165421995375215,0.9386581345483701,1.0,13.836265330338028,1024.2311170582338,0.00026838810861742966,53.960242315533854
3464.0,61.5897754265613,0.031914215451411626,0.9423137993333083,1.0,13.454614767400066,1024.1524504551007,0.0002691880501147627,54.12107297698419
3466.0,59.705147827894685,0.032184296086440356,0.9461005660114178,1.0,13.072900742086242,1024.0714452115992,0.00027000158824186756,54.284637282040926
3468.0,57.81294669587185,0.032465196265765515,0.9500276683228426,1.0,12.69108719613191,1023.9879829748372,0.0002708293892420273,54.45106918093452
3470.0,55.912891359226165,0.03275772968476044,0.9541053010167332,1.0,12.30913568263727,1023.9019368980665,0.00027167217554923626,54.62051392120814
3472.0,54.0046807571927,0.03306280087398655,0.9583447553635874,1.0,11.927005098047282,1023.8131708189277,0.0002725307326103589,54.79312941933338
3474.0,52.08799124646553,0.033381418892762686,0.9627585791765743,1.0,11.544651374671382,1023.7215383338233,0.0002734059168063743,54.9690878533005
3476.0,50.162474088112376,0.03371471366148813,0.967360766825447,1.0,11.16202712636919,1023.6268817516728,0.00027429866469657005,55.148577521191534
3478.0,48.22775255446148,0.03406395556022233,0.9721669862064708,1.0,10.779081238339892,1023.5290309069251,0.00027521000386539093,55.33180502197216
3480.0,46.28341858204854,0.034430579100756926,0.9771948515845111,1.0,10.395758389801724,1023.427801807498,0.00027614106572418677,55.51899782932187
3482.0,44.32902887887952,0.0348162117200794,0.9824642538256263,1.0,10.01199849558278,1023.3229950880301,0.0002770931007152061,55.710407348442914
3484.0,42.36410037122827,0.03522270906885126,0.9879977630428762,1.0,9.62773604906025,1023.2143942321286,0.0002780674964911455,55.90631257111384
3486.0,40.388104845142514,0.035652198614494895,0.9938211234513222,1.0,9.242899344194036,1023.1017635187172,0.0002790657998122317,56.10702447816408
3488.0,38.40046259823987,0.0361071339967574,0.9999638668098569,1.0,8.857409548197502,1022.9848456365233,0.00028008974313134294,56.31289138449328
3490.0,36.400534864620155,0.036590363442431904,1.006460080024082,1.0,8.471179588094095,1022.863358896256,0.0002811412771513044,56.52430548481405
3492.0,34.387614704571995,0.03710521678486041,1.0133493865025556,1.0,8.08411280318485,1022.736993950912,0.0002822226110749518,56.741710946049274
3494.0,32.360915931566886,0.03765561743600022,1.0206781413384831,1.0,7.696101295867664,1022.6054099075709,0.0002833362628856811,56.96561401638889
3496.0,30.31955964888992,0.038246228265349014,1.0285011069796008,1.0,7.307023917598328,1022.468229688055,0.00028448512288030956,57.196595798764136
3498.0,28.26255743493072,0.038882644423867734,1.036883511966408,1.0,6.916743730735242,1022.3250344256452,0.00028567253497699196,57.435328598050376
3500.0,26.188790410997903,0.03957165212870247,1.045903869157259,1.0,6.5251048330852885,1022.1753566475041,0.00028690240225426127,57.682597140010984
3502.0,24.096982672683385,0.040321582146243255,1.0556577781034147,1.0,6.131928299938591,1022.0186718736663,0.00028817932613987184,57.93932655563594
3504.0,21.985667116476556,0.041142802210841455,1.0662631762905426,1.0,5.737006930616344,1021.8543881315869,0.00028950879330947075,58.20661995768589
3506.0,19.85314076389547,0.04204841849532299,1.077867750924671,1.0,5.340098335820582,1021.6818326730195,0.00029089743184592586,58.4858099423011
3508.0,17.69740526204613,0.043055300820411396,1.090659663904514,1.0,4.940915671636999,1021.500234855749,0.0002923533707039368,58.778530860450495
3510.0,15.5160859342371,0.04418562614486567,1.1048835248215767,1.0,4.539114951693467,1021.3087036383059,0.0002938867581689169,59.086823055660496
3512.0,13.306318884593948,0.04546928461172443,1.1208649971097355,1.0,4.1342772386899815,1021.1061972900372,0.0002955105341909945,59.41328814410581
3514.0,11.064588890374477,0.04694778862845978,1.1390502561182738,1.0,3.7258829104979556,1020.8914814694722,0.0002972416262437166,59.76132944562461
3516.0,8.786488378137928,0.04868095012030003,1.1600724121088766,1.0,3.313273158180563,1020.6630692152987,0.0002991028902253565,60.13554220780637
3518.0,6.466343553920176,0.05075901532089209,1.184870243223877,1.0,2.8955898923731302,1020.4191314158431,0.0003011264510289777,60.542385237723394
3520.0,4.096603067472422,0.0533265265227596,1.2149172585405195,1.0,2.4716768808343272,1020.1573561153828,0.0003033599022618909,60.991427374309694
3522.0,1.6667685503913834,0.05663439127129143,1.2527103804634723,1.0,2.039905762080472,1019.8747121151916,0.0003058790309583978,61.49790583040735
